id,first_name,last_name,street_address,city,state,zip_code,phone_number,email
1,Taddeusz,Batson,18 Maywood Trail,Pueblo,Colorado,81005,719-701-8660,tbatson0@alibaba.com
2,Michel,Arsnell,9693 Waywood Place,Bloomington,Indiana,47405,812-648-5647,marsnell1@miitbeian.gov.cn
3,Floria,Roddick,1 Dixon Drive,Wichita Falls,Texas,76305,940-269-3440,froddick2@feedburner.com
4,Harli,Applewhaite,0 Oak Valley Street,Kansas City,Missouri,64136,816-792-5204,happlewhaite3@lycos.com
5,Dionis,Ellicombe,19378 Holmberg Terrace,Kansas City,Missouri,64193,816-770-4353,dellicombe4@si.edu
6,Giraud,Burnhams,5929 Hintze Alley,Dallas,Texas,75251,469-354-7643,gburnhams5@slideshare.net
7,Ailee,Wisniewski,566 Moland Park,Columbus,Georgia,31914,706-720-2302,awisniewski6@360.cn
8,Penelope,Stirman,83587 Brickson Park Street,Baton Rouge,Louisiana,70883,225-922-0824,pstirman7@angelfire.com
9,Delbert,Renouf,2 Stang Lane,Albany,New York,12205,518-644-3363,drenouf8@acquirethisname.com
10,Ber,Cullivan,2 Cherokee Crossing,Erie,Pennsylvania,16550,814-462-3861,bcullivan9@devhub.com
11,Ange,Messitt,18345 Di Loreto Junction,Portland,Oregon,97206,503-823-2223,amessitta@zdnet.com
12,Mendie,Bargery,8 Little Fleur Crossing,White Plains,New York,10606,845-666-3353,mbargeryb@jigsy.com
13,Barth,Iredell,0493 Holmberg Drive,Miami,Florida,33283,305-904-2843,biredellc@telegraph.co.uk
14,Delilah,Fairhead,96 Dayton Parkway,Cleveland,Ohio,44177,440-313-0664,dfairheadd@dion.ne.jp
15,Kimmi,Colenutt,06 Sachs Plaza,Lexington,Kentucky,40524,859-367-9765,kcolenutte@google.co.jp
16,Ealasaid,Musla,52138 Washington Alley,Long Beach,California,90805,562-314-1463,emuslaf@ustream.tv
17,Melvyn,Guiness,69 Spenser Lane,Peoria,Illinois,61651,309-107-7003,mguinessg@liveinternet.ru
18,Temple,Boon,100 Dovetail Trail,Indianapolis,Indiana,46221,317-937-0348,tboonh@boston.com
19,Phelia,Titchen,57 Wayridge Park,Roanoke,Virginia,24048,540-745-0906,ptitcheni@opensource.org
20,Gianni,Fawthrop,86718 Jay Terrace,Aiken,South Carolina,29805,803-213-6158,gfawthropj@nbcnews.com
21,Vincent,Frizell,65 Spenser Hill,Salt Lake City,Utah,84170,801-155-0793,vfrizellk@tinypic.com
22,Yankee,Gallen,10 Londonderry Plaza,Pittsburgh,Pennsylvania,15230,412-559-0223,ygallenl@scientificamerican.com
23,Melli,Davoren,949 Green Lane,Greensboro,North Carolina,27499,336-630-9198,mdavorenm@cmu.edu
24,Ellery,Douris,40 Eagan Terrace,Virginia Beach,Virginia,23459,757-695-2648,edourisn@devhub.com
25,Clary,Bunney,524 Fulton Street,Pittsburgh,Pennsylvania,15255,412-400-2509,cbunneyo@eventbrite.com
26,Rene,Speaks,9151 Truax Avenue,Charlotte,North Carolina,28230,704-964-9914,rspeaksp@craigslist.org
27,Yorker,Tagg,825 Maryland Trail,Fresno,California,93778,559-229-7338,ytaggq@g.co
28,Doralia,Drable,02 John Wall Road,Indianapolis,Indiana,46266,317-606-7384,ddrabler@reuters.com
29,Querida,Olohan,8 Declaration Circle,El Paso,Texas,79934,915-440-0877,qolohans@newsvine.com
30,Skyler,Moakler,68676 Stang Pass,Tacoma,Washington,98481,253-941-2611,smoaklert@mashable.com
31,Babb,Grimsley,7 Longview Point,Silver Spring,Maryland,20910,202-460-6102,bgrimsleyu@java.com
32,Genevra,Francomb,81986 Buena Vista Crossing,Birmingham,Alabama,35210,205-935-5277,gfrancombv@about.me
33,Gan,Chantillon,8449 Cody Way,Washington,District of Columbia,20231,202-132-2357,gchantillonw@dagondesign.com
34,Irita,Lightowlers,85006 Namekagon Plaza,Spokane,Washington,99220,509-240-1705,ilightowlersx@bbc.co.uk
35,Lydia,Hazeup,56198 School Center,Dallas,Texas,75342,214-804-2503,lhazeupy@biglobe.ne.jp
36,Trey,Kippie,56 Fairview Alley,Montgomery,Alabama,36134,334-448-9630,tkippiez@nature.com
37,Feodora,Rasper,3 Hudson Drive,Las Cruces,New Mexico,88006,505-629-4787,frasper10@elegantthemes.com
38,Corri,Tilford,0 Vernon Pass,Corona,California,92883,626-695-1920,ctilford11@multiply.com
39,Cordi,Booty,874 Haas Hill,Santa Monica,California,90410,310-481-0987,cbooty12@is.gd
40,Cate,Humbey,666 Laurel Terrace,Dallas,Texas,75387,214-259-5151,chumbey13@hubpages.com
41,Leon,Tisor,70 Dixon Way,Lansing,Michigan,48919,517-142-8870,ltisor14@google.cn
42,Homere,Cosgrive,7 Fieldstone Hill,Anderson,Indiana,46015,765-963-9364,hcosgrive15@usgs.gov
43,Sibella,Kummerlowe,5 Esker Place,Hartford,Connecticut,06183,860-458-5064,skummerlowe16@businesswire.com
44,Shaylynn,Easum,12 Morning Way,Phoenix,Arizona,85053,602-977-4317,seasum17@twitter.com
45,Rafaellle,Cranston,3 Stuart Hill,Orlando,Florida,32859,407-186-8479,rcranston18@blog.com
46,Nils,Luparto,6 Anzinger Hill,Lubbock,Texas,79452,806-609-9869,nluparto19@uiuc.edu
47,Bengt,Haldane,61341 Stuart Drive,Houston,Texas,77015,713-792-5516,bhaldane1a@constantcontact.com
48,Dolly,Maffeo,1605 Merrick Way,Oklahoma City,Oklahoma,73129,405-626-9642,dmaffeo1b@weather.com
49,Mariette,Lauderdale,38 Sachtjen Avenue,Mountain View,California,94042,650-174-1478,mlauderdale1c@squarespace.com
50,Aldridge,Skillern,14996 Eastlawn Alley,Fresno,California,93786,559-218-9390,askillern1d@apache.org
51,Tedie,O'Kane,65 Bunting Point,Charlotte,North Carolina,28278,704-185-0070,tokane1e@icq.com
52,Derwin,Dayes,952 Melby Circle,Orlando,Florida,32835,321-496-9600,ddayes1f@miibeian.gov.cn
53,Margie,Vanshin,253 Dwight Alley,Sparks,Nevada,89436,775-616-0008,mvanshin1g@dedecms.com
54,Falito,Mounch,3 International Avenue,Columbus,Ohio,43204,614-480-6782,fmounch1h@is.gd
55,Kakalina,Qualtro,5508 Miller Point,San Antonio,Texas,78205,210-734-1745,kqualtro1i@apple.com
56,Jacky,Cockerill,4571 Randy Hill,Macon,Georgia,31205,478-759-1606,jcockerill1j@chronoengine.com
57,Emory,Bowditch,38 Claremont Circle,Atlanta,Georgia,31119,770-150-2867,ebowditch1k@businessinsider.com
58,Rasia,Fencott,3 Donald Park,New York City,New York,10024,212-342-2582,rfencott1l@typepad.com
59,Royce,Nuss,7 Porter Hill,Salt Lake City,Utah,84189,801-818-2982,rnuss1m@csmonitor.com
60,Joscelin,Porkiss,23199 5th Center,Atlanta,Georgia,30375,404-833-4246,jporkiss1n@wikia.com
61,Elora,Brugman,7 Karstens Parkway,Midland,Michigan,48670,989-253-8375,ebrugman1o@newyorker.com
62,Corina,Denyukhin,7 Nevada Junction,El Paso,Texas,79905,915-782-6584,cdenyukhin1p@kickstarter.com
63,Waldemar,Doornbos,758 Moland Crossing,Boynton Beach,Florida,33436,561-729-9979,wdoornbos1q@businessweek.com
64,Kelly,Kordova,9 Chinook Circle,Denver,Colorado,80291,303-718-5009,kkordova1r@cnet.com
65,Mamie,Rankmore,96 Ohio Avenue,Evansville,Indiana,47725,812-500-1486,mrankmore1s@ezinearticles.com
66,Stephana,Gossage,10 Algoma Alley,Dayton,Ohio,45440,937-236-0049,sgossage1t@t-online.de
67,Clarence,Babon,19740 Declaration Center,Bridgeport,Connecticut,06606,203-485-8152,cbabon1u@google.nl
68,Jilleen,Skains,108 Rieder Plaza,Chesapeake,Virginia,23324,757-983-3778,jskains1v@rediff.com
69,Giulio,Rizzillo,75 Green Ridge Avenue,New Orleans,Louisiana,70183,504-992-6031,grizzillo1w@odnoklassniki.ru
70,Boot,Jermin,01 Crowley Drive,Tallahassee,Florida,32309,850-581-1940,bjermin1x@time.com
71,Carina,Straneo,1631 Westridge Lane,New York City,New York,10203,212-671-6911,cstraneo1y@rakuten.co.jp
72,Torre,Noblett,96536 Vahlen Court,Ridgely,Maryland,21684,410-233-8661,tnoblett1z@mac.com
73,Star,Rodgers,4541 1st Crossing,Shawnee Mission,Kansas,66205,913-789-3105,srodgers20@example.com
74,Lee,Clixby,063 Pond Hill,Harrisburg,Pennsylvania,17110,717-781-3804,lclixby21@amazonaws.com
75,Annetta,Lenthall,8725 Dwight Hill,Kalamazoo,Michigan,49006,269-821-9016,alenthall22@digg.com
76,Burty,Matyushonok,56255 Scofield Avenue,Edmond,Oklahoma,73034,405-272-3633,bmatyushonok23@phpbb.com
77,Dell,Wingrove,137 Little Fleur Terrace,Las Vegas,Nevada,89105,702-514-8398,dwingrove24@bigcartel.com
78,Piper,Syddon,5 Kedzie Trail,Racine,Wisconsin,53405,262-773-1231,psyddon25@last.fm
79,Brady,Crosseland,59 Clyde Gallagher Trail,Edmond,Oklahoma,73034,405-799-1670,bcrosseland26@prweb.com
80,Jamima,Biggen,99166 Cherokee Place,Dallas,Texas,75265,214-399-3572,jbiggen27@unc.edu
81,Esta,Muldownie,5 Caliangt Place,Milwaukee,Wisconsin,53234,414-685-1847,emuldownie28@lulu.com
82,Mathew,Westpfel,7 Troy Plaza,Greensboro,North Carolina,27499,336-263-0151,mwestpfel29@webnode.com
83,Nyssa,Boustred,0 Southridge Plaza,Cleveland,Ohio,44130,216-555-1064,nboustred2a@blogger.com
84,Yasmeen,Deluze,9 Mallory Plaza,Wichita,Kansas,67215,316-836-8743,ydeluze2b@ted.com
85,Yul,Sellens,8838 Autumn Leaf Way,Kent,Washington,98042,425-947-7436,ysellens2c@home.pl
86,Ester,Joseland,113 Nelson Circle,Newark,New Jersey,07195,862-609-1274,ejoseland2d@businessweek.com
87,Belia,Samber,93 New Castle Parkway,Falls Church,Virginia,22047,571-636-5062,bsamber2e@unc.edu
88,Ysabel,McKelvie,39 New Castle Center,Appleton,Wisconsin,54915,920-105-0612,ymckelvie2f@barnesandnoble.com
89,Emmerich,Tarbert,231 Acker Lane,Madison,Wisconsin,53790,608-765-0696,etarbert2g@clickbank.net
90,Verney,Metts,302 Scott Street,Houston,Texas,77040,979-975-8206,vmetts2h@biglobe.ne.jp
91,Damaris,Suffe,4666 Evergreen Parkway,Gary,Indiana,46406,219-531-6812,dsuffe2i@fotki.com
92,Chas,Redman,16019 Ridge Oak Way,Nashville,Tennessee,37240,615-425-0008,credman2j@theatlantic.com
93,Jobie,Guyer,0698 Sherman Parkway,Danbury,Connecticut,06816,203-362-5356,jguyer2k@miitbeian.gov.cn
94,Sheridan,Langtree,95792 Hanson Point,Fairbanks,Alaska,99790,907-385-5410,slangtree2l@rambler.ru
95,Valina,Keddy,149 Ridge Oak Park,Fort Lauderdale,Florida,33310,754-137-8627,vkeddy2m@webmd.com
96,Lalo,Kepling,91140 Independence Trail,Washington,District of Columbia,20022,202-301-5989,lkepling2n@blogspot.com
97,Jillie,Dixson,1565 Walton Circle,Richmond,Virginia,23293,804-166-2248,jdixson2o@github.io
98,Emelen,Vibert,0 Warbler Road,Washington,District of Columbia,20268,202-861-9952,evibert2p@flavors.me
99,Alden,Tuxsell,24664 Lerdahl Avenue,Salt Lake City,Utah,84170,801-926-3927,atuxsell2q@weibo.com
100,Peterus,Redit,3918 Daystar Street,Houston,Texas,77271,713-963-1583,predit2r@twitter.com
101,Benita,Reolfo,18256 Arkansas Center,Schenectady,New York,12325,518-937-2226,breolfo2s@wordpress.com
102,Martha,Jewis,5 Porter Pass,Metairie,Louisiana,70033,504-297-5677,mjewis2t@apache.org
103,Marcus,Maha,78 Johnson Trail,Austin,Texas,78778,512-752-8049,mmaha2u@slashdot.org
104,Pernell,Petz,97438 1st Crossing,Detroit,Michigan,48224,586-353-4075,ppetz2v@pinterest.com
105,Joete,Seakings,2295 Ludington Avenue,Washington,District of Columbia,20380,202-181-4259,jseakings2w@de.vu
106,Celka,Fonzo,1293 Harper Court,Santa Monica,California,90405,310-196-2944,cfonzo2x@tumblr.com
107,Austin,Brogan,04 Corben Alley,Erie,Pennsylvania,16510,814-863-1058,abrogan2y@stumbleupon.com
108,Gabie,Klimkovich,10 Homewood Park,Charleston,West Virginia,25305,304-825-5928,gklimkovich2z@tinypic.com
109,Riva,Umfrey,174 Bartelt Court,El Paso,Texas,79905,915-236-8163,rumfrey30@gov.uk
110,Jerrie,Rehme,4 Chinook Plaza,Elmira,New York,14905,607-668-1389,jrehme31@feedburner.com
111,Bryanty,Foxon,87 Cody Way,Pensacola,Florida,32575,850-656-0683,bfoxon32@sphinn.com
112,Cletis,Macak,3098 Warbler Court,El Paso,Texas,88519,915-667-5475,cmacak33@opera.com
113,Payton,Langstone,2185 Talmadge Drive,Cincinnati,Ohio,45238,513-652-0295,plangstone34@epa.gov
114,Jaclyn,Wippermann,88360 Union Lane,Bronx,New York,10454,718-812-6314,jwippermann35@gov.uk
115,Neilla,Rosenthaler,055 Prairieview Alley,Rockford,Illinois,61105,815-785-4562,nrosenthaler36@bluehost.com
116,Cherlyn,Chaplyn,75979 Basil Terrace,Orange,California,92862,714-802-5886,cchaplyn37@google.co.jp
117,Helen-elizabeth,Andreu,57 Nobel Junction,Boca Raton,Florida,33499,561-434-1166,handreu38@wikipedia.org
118,Ado,Havile,40345 Melvin Avenue,Waterbury,Connecticut,06726,203-959-9520,ahavile39@51.la
119,Brinn,Noah,266 Melody Place,Oakland,California,94616,415-841-0019,bnoah3a@java.com
120,Lula,Risom,4953 Badeau Drive,Houston,Texas,77015,281-733-1546,lrisom3b@yandex.ru
121,Irwinn,D'Ambrosio,76362 Annamark Terrace,Austin,Texas,78726,512-220-1364,idambrosio3c@ehow.com
122,Denys,Gepheart,17 Fieldstone Circle,Denver,Colorado,80243,303-670-2879,dgepheart3d@unc.edu
123,Yulma,Hewlings,116 Bunting Alley,Tampa,Florida,33647,813-687-6784,yhewlings3e@sbwire.com
124,Ban,Puddan,78108 David Place,Nashville,Tennessee,37228,615-292-2701,bpuddan3f@omniture.com
125,Mord,Melendez,82974 Anniversary Road,Peoria,Illinois,61651,309-747-8892,mmelendez3g@marketwatch.com
126,Amata,Jessel,807 Butterfield Drive,Laurel,Maryland,20709,202-193-7243,ajessel3h@ocn.ne.jp
127,Belia,Sabati,2 Melby Hill,Houston,Texas,77030,832-881-9894,bsabati3i@marketwatch.com
128,Elaine,Danbi,0757 Moulton Avenue,Winston Salem,North Carolina,27116,336-958-2956,edanbi3j@behance.net
129,Preston,Thurlow,13372 Loftsgordon Trail,Atlanta,Georgia,30356,404-210-7242,pthurlow3k@mac.com
130,Roselia,Langmaid,964 1st Way,Fort Worth,Texas,76129,817-218-2800,rlangmaid3l@people.com.cn
131,Nixie,Heigl,08 Mandrake Parkway,Santa Barbara,California,93106,805-984-3453,nheigl3m@flavors.me
132,Anna-maria,Dominichelli,0833 Warrior Lane,Raleigh,North Carolina,27635,919-618-6152,adominichelli3n@google.pl
133,Salomon,Titmuss,517 Elmside Point,Athens,Georgia,30610,706-201-8458,stitmuss3o@apple.com
134,Jobye,Allicock,58 Stone Corner Circle,Atlanta,Georgia,30343,404-136-2094,jallicock3p@marriott.com
135,Javier,Parnell,686 Thierer Road,Columbus,Ohio,43226,614-241-9786,jparnell3q@youtube.com
136,Odelia,Cabena,9 Dahle Street,Fort Wayne,Indiana,46852,260-276-8327,ocabena3r@cnbc.com
137,Berny,Capstick,26 La Follette Crossing,Topeka,Kansas,66611,785-877-6020,bcapstick3s@squarespace.com
138,Gennie,Hawse,677 Milwaukee Way,Trenton,New Jersey,08650,609-826-1583,ghawse3t@cornell.edu
139,Evonne,Gaunter,36 Ridgeway Junction,Nashville,Tennessee,37220,615-411-5766,egaunter3u@google.es
140,Mikael,Jorgensen,6 Maple Crossing,Salem,Oregon,97306,503-220-4616,mjorgensen3v@devhub.com
141,Angela,Stirton,5 Division Hill,Houston,Texas,77045,281-274-8436,astirton3w@fda.gov
142,Immanuel,Ruddock,414 Onsgard Park,Seattle,Washington,98127,206-469-6274,iruddock3x@histats.com
143,Vonnie,Vignal,8 Rieder Point,Bethesda,Maryland,20892,301-849-3116,vvignal3y@china.com.cn
144,Shelagh,O'Brien,73 Center Park,Virginia Beach,Virginia,23454,757-184-6242,sobrien3z@is.gd
145,Vaughan,Epgrave,4937 Pankratz Place,Albany,Georgia,31704,229-194-7519,vepgrave40@census.gov
146,Dusty,Dreinan,8 Vermont Plaza,El Paso,Texas,79977,915-807-2701,ddreinan41@vimeo.com
147,Nicole,Aberkirdo,179 Manufacturers Court,Harrisburg,Pennsylvania,17105,717-930-8051,naberkirdo42@4shared.com
148,Connor,Doag,894 Scoville Pass,Portland,Oregon,97232,503-558-8949,cdoag43@privacy.gov.au
149,Hayden,Swiffin,85587 Manitowish Junction,Fort Worth,Texas,76134,817-533-2812,hswiffin44@google.fr
150,Humberto,Kibel,10 Melrose Road,Fort Worth,Texas,76115,817-138-1228,hkibel45@bizjournals.com
151,Lynnelle,Touson,9543 Florence Parkway,Utica,New York,13505,315-344-7088,ltouson46@earthlink.net
152,Drake,Wrankling,13 Commercial Lane,Naples,Florida,33961,305-827-5017,dwrankling47@xrea.com
153,Steffen,Beacroft,3 Miller Avenue,Birmingham,Alabama,35242,205-954-8510,sbeacroft48@diigo.com
154,Dorice,Alldis,18409 Roth Road,Des Moines,Iowa,50320,515-927-0267,dalldis49@narod.ru
155,Sisely,Thelwll,6526 Judy Park,Austin,Texas,78721,512-945-9192,sthelwll4a@ovh.net
156,Ellynn,Waterstone,45984 Northwestern Hill,Indianapolis,Indiana,46221,317-386-5489,ewaterstone4b@time.com
157,Garek,Byles,1171 Mifflin Trail,Indianapolis,Indiana,46221,317-738-8692,gbyles4c@archive.org
158,Josias,Wisam,3450 Duke Point,New Orleans,Louisiana,70165,504-949-4163,jwisam4d@imageshack.us
159,Miner,Kippen,5777 Del Mar Trail,Atlanta,Georgia,30323,678-805-4658,mkippen4e@umich.edu
160,Bili,Kinze,09966 Superior Circle,Honolulu,Hawaii,96820,808-883-6730,bkinze4f@dyndns.org
161,Janith,Pardon,88292 Stone Corner Lane,New Orleans,Louisiana,70129,504-203-2587,jpardon4g@ebay.com
162,Karl,Summerlee,33625 Ridge Oak Avenue,Hattiesburg,Mississippi,39404,601-808-5558,ksummerlee4h@mozilla.com
163,Tim,Thornebarrow,610 Merry Pass,South Lake Tahoe,California,96154,530-973-0904,tthornebarrow4i@wikipedia.org
164,Orlando,Phillips,02 Lindbergh Court,Glendale,California,91210,818-624-7068,ophillips4j@dailymail.co.uk
165,Chere,Batisse,8426 Union Parkway,Oklahoma City,Oklahoma,73167,405-550-4547,cbatisse4k@biglobe.ne.jp
166,Elna,Deakin,87 Prairieview Road,Bozeman,Montana,59771,406-669-5791,edeakin4l@shinystat.com
167,Geraldine,Ridhole,736 Westend Lane,Van Nuys,California,91411,626-924-8392,gridhole4m@behance.net
168,Talya,Semonin,57722 Kingsford Terrace,Mobile,Alabama,36641,251-895-8972,tsemonin4n@princeton.edu
169,Janos,Ackenhead,7 Gina Parkway,El Paso,Texas,79984,915-880-3349,jackenhead4o@freewebs.com
170,Benita,Po,77 Upham Court,El Paso,Texas,79923,915-206-7614,bpo4p@github.com
171,Dal,Castelot,437 Macpherson Point,Young America,Minnesota,55564,952-173-4409,dcastelot4q@newsvine.com
172,Silvia,Wedmore,21355 Darwin Street,North Port,Florida,34290,941-744-9313,swedmore4r@reference.com
173,Walden,Casson,21 Mayer Alley,Los Angeles,California,90020,562-155-8287,wcasson4s@desdev.cn
174,Rivi,Bownde,5 Oneill Drive,Saint Louis,Missouri,63143,314-906-4612,rbownde4t@baidu.com
175,Elberta,Almeida,5 Grasskamp Court,Las Vegas,Nevada,89150,702-436-2841,ealmeida4u@mtv.com
176,Velma,Cobb,8 Grasskamp Center,Washington,District of Columbia,20231,202-399-3828,vcobb4v@goodreads.com
177,Hale,Orringe,27403 Mosinee Circle,Clearwater,Florida,34615,727-623-9099,horringe4w@earthlink.net
178,Michelina,MacKeig,4 Pawling Junction,El Paso,Texas,88546,915-891-9532,mmackeig4x@bloglines.com
179,Pincas,Knowlys,04 Bashford Lane,Albany,Georgia,31704,229-209-7905,pknowlys4y@skyrock.com
180,Fairfax,Hanway,21 Rutledge Center,Atlanta,Georgia,30392,404-134-1016,fhanway4z@sfgate.com
181,Carter,O'Gleasane,69397 Hoard Alley,Saint Louis,Missouri,63143,314-334-2161,cogleasane50@weebly.com
182,Shelton,Peller,0334 Kipling Way,Trenton,New Jersey,08650,609-298-6513,speller51@google.it
183,Shelba,Brackenbury,8393 Sugar Way,Lawrenceville,Georgia,30245,678-578-7027,sbrackenbury52@sourceforge.net
184,Judie,Brodeau,69806 Oak Valley Trail,Herndon,Virginia,22070,757-493-5573,jbrodeau53@house.gov
185,Shea,McCuaig,99 Veith Drive,Tampa,Florida,33615,813-886-8378,smccuaig54@psu.edu
186,Catlin,Armes,66 Nova Circle,San Bernardino,California,92405,909-831-6508,carmes55@booking.com
187,Gilberto,Chinnock,465 Sachtjen Drive,Cincinnati,Ohio,45203,513-733-1566,gchinnock56@lulu.com
188,Warde,Godwin,19 Shoshone Place,Syracuse,New York,13210,315-429-6765,wgodwin57@paginegialle.it
189,Caty,Mincini,4279 Bartelt Way,Philadelphia,Pennsylvania,19196,215-874-1037,cmincini58@ox.ac.uk
190,Derward,Mabone,055 Petterle Place,Newton,Massachusetts,02458,857-565-8150,dmabone59@meetup.com
191,Ilse,MacTrustam,6390 Lawn Drive,Fairbanks,Alaska,99709,907-549-2734,imactrustam5a@huffingtonpost.com
192,Richart,Earnshaw,72197 Warrior Center,Dallas,Texas,75323,214-378-4853,rearnshaw5b@slashdot.org
193,Lynnett,Lebell,78 Hanson Park,Memphis,Tennessee,38104,615-794-8971,llebell5c@privacy.gov.au
194,Lacee,Barents,270 Cottonwood Park,Lima,Ohio,45807,419-312-7732,lbarents5d@apple.com
195,Scot,Piggins,5179 Golf View Way,New York City,New York,10090,212-181-1683,spiggins5e@homestead.com
196,Robert,Klimontovich,590 Lighthouse Bay Drive,Charleston,West Virginia,25356,304-716-6018,rklimontovich5f@fastcompany.com
197,Rena,Timlett,58056 Delladonna Circle,Chicago,Illinois,60681,312-226-9830,rtimlett5g@ustream.tv
198,Jocko,Skipperbottom,7 Melby Street,San Antonio,Texas,78296,210-600-0067,jskipperbottom5h@flickr.com
199,Colly,Cresswell,55830 New Castle Hill,Moreno Valley,California,92555,951-857-8904,ccresswell5i@theguardian.com
200,Lulita,Papen,49 Evergreen Pass,Lexington,Kentucky,40596,859-317-6812,lpapen5j@cnbc.com
201,Thayne,Petrak,76051 Havey Street,Phoenix,Arizona,85040,602-787-1079,tpetrak5k@marriott.com
202,Sheeree,Charer,1650 Hollow Ridge Plaza,Ventura,California,93005,805-566-3692,scharer5l@jimdo.com
203,Stefan,Pannaman,8675 Forest Dale Hill,San Francisco,California,94164,415-415-3619,spannaman5m@mac.com
204,Willy,Wollard,28 Vidon Junction,Aurora,Colorado,80045,303-360-1207,wwollard5n@mapy.cz
205,Dyanna,Grumble,4118 Boyd Road,Dallas,Texas,75387,214-577-8577,dgrumble5o@accuweather.com
206,Guthrey,Quinlan,5 Leroy Crossing,El Paso,Texas,88553,915-314-6065,gquinlan5p@auda.org.au
207,Helen-elizabeth,Chevin,8065 Declaration Avenue,Boulder,Colorado,80328,303-424-7248,hchevin5q@engadget.com
208,Val,Fursland,565 High Crossing Parkway,Dayton,Ohio,45414,937-306-2664,vfursland5r@bigcartel.com
209,Nonie,Sarney,79 Laurel Pass,Durham,North Carolina,27710,919-608-4769,nsarney5s@yellowpages.com
210,Sande,McGlashan,37 Southridge Crossing,Miami,Florida,33175,305-202-0395,smcglashan5t@gravatar.com
211,Leelah,Argile,7 Mayer Way,Houston,Texas,77234,713-135-3913,largile5u@elpais.com
212,Georgy,Roiz,86354 Basil Drive,New York City,New York,10203,212-265-0723,groiz5v@cargocollective.com
213,Gayleen,Danielsen,992 Sycamore Crossing,Huntsville,Alabama,35810,256-924-2950,gdanielsen5w@walmart.com
214,Gavra,Landre,72 Memorial Center,New York City,New York,10029,212-372-1796,glandre5x@boston.com
215,Arnuad,Mumbray,9 Corry Center,Paterson,New Jersey,07544,862-400-1352,amumbray5y@unblog.fr
216,Horst,Crowne,8760 Brown Way,Trenton,New Jersey,08619,609-524-2149,hcrowne5z@usatoday.com
217,Ervin,Doswell,63542 North Alley,Modesto,California,95354,559-971-2535,edoswell60@woothemes.com
218,Minetta,Pamplin,8633 Golf Course Circle,Sacramento,California,95865,916-438-1831,mpamplin61@oaic.gov.au
219,Mufi,Donlon,388 Center Pass,Alexandria,Virginia,22301,703-934-7915,mdonlon62@bluehost.com
220,Hallsy,Lougheed,8 Mayfield Park,Orlando,Florida,32868,407-883-8229,hlougheed63@com.com
221,Valencia,Silcocks,0 Portage Junction,Birmingham,Alabama,35295,205-369-2872,vsilcocks64@utexas.edu
222,Kathie,Pays,65 Quincy Alley,Salt Lake City,Utah,84145,801-833-1349,kpays65@shutterfly.com
223,Webster,Anfonsi,373 Nevada Way,Lansing,Michigan,48912,517-573-4201,wanfonsi66@jiathis.com
224,Tom,Georgeot,340 Myrtle Way,Jamaica,New York,11480,718-214-2999,tgeorgeot67@boston.com
225,Tara,Phelp,06662 Green Ridge Alley,Indianapolis,Indiana,46202,765-384-7661,tphelp68@ox.ac.uk
226,Raimund,Kovacs,6 Susan Park,Albuquerque,New Mexico,87110,505-680-9448,rkovacs69@printfriendly.com
227,Ellary,Babbs,385 Anderson Terrace,Nashville,Tennessee,37245,615-583-3611,ebabbs6a@google.com.br
228,Jodi,Eke,490 Pawling Center,Brooklyn,New York,11254,212-666-8649,jeke6b@google.com.hk
229,Rabbi,Pero,8352 Rusk Terrace,Jacksonville,Florida,32255,904-573-9880,rpero6c@dedecms.com
230,Lorianna,Stibbs,6635 Holy Cross Street,Kansas City,Missouri,64160,816-988-0179,lstibbs6d@taobao.com
231,Joseph,Harrod,6131 Becker Avenue,Phoenix,Arizona,85010,602-501-3185,jharrod6e@bluehost.com
232,Quintin,Persence,296 Kim Junction,Austin,Texas,78726,512-405-0581,qpersence6f@hugedomains.com
233,Con,Vyvyan,31704 Mayfield Lane,Hartford,Connecticut,06105,860-214-7769,cvyvyan6g@adobe.com
234,Alis,Fauning,7743 Lakewood Gardens Trail,Philadelphia,Pennsylvania,19196,215-893-6223,afauning6h@cpanel.net
235,Addie,Crews,00 Jenna Drive,Boston,Massachusetts,02163,857-375-7316,acrews6i@slideshare.net
236,Bobbye,Cullington,864 Karstens Pass,Philadelphia,Pennsylvania,19141,215-399-8448,bcullington6j@devhub.com
237,Allis,Caswill,35 Weeping Birch Pass,New Orleans,Louisiana,70124,985-892-8232,acaswill6k@google.cn
238,Herminia,Coppin,5 Manley Terrace,Peoria,Arizona,85383,928-939-3176,hcoppin6l@jalbum.net
239,Fletch,Arch,26244 Truax Street,Birmingham,Alabama,35244,205-563-2880,farch6m@last.fm
240,Berne,Brolan,99064 6th Park,Washington,District of Columbia,20370,202-115-5006,bbrolan6n@washington.edu
241,Kev,Dorrins,4793 Trailsway Point,Las Cruces,New Mexico,88006,505-373-7187,kdorrins6o@vinaora.com
242,Kathrine,Albion,79 Helena Pass,Jefferson City,Missouri,65105,573-932-5753,kalbion6p@theguardian.com
243,Murielle,Ringwood,58410 Chive Street,Salt Lake City,Utah,84105,435-233-0536,mringwood6q@so-net.ne.jp
244,Kelsy,Casari,221 Monument Plaza,Saint Paul,Minnesota,55115,651-747-0611,kcasari6r@irs.gov
245,Annabela,Toal,491 Forest Run Hill,Las Vegas,Nevada,89135,702-462-0503,atoal6s@microsoft.com
246,Fitz,Rowett,1953 Badeau Lane,Glendale,Arizona,85305,623-729-8505,frowett6t@unicef.org
247,Mela,Glidden,7 Sherman Road,Detroit,Michigan,48275,313-857-5431,mglidden6u@cargocollective.com
248,Kristine,Alcido,2 Eastlawn Hill,Peoria,Illinois,61656,309-707-2851,kalcido6v@bizjournals.com
249,Sheff,Cobelli,8 Eastlawn Junction,Sparks,Nevada,89436,775-766-7748,scobelli6w@twitter.com
250,Jana,Byres,755 Gulseth Crossing,Fresno,California,93750,559-853-9676,jbyres6x@nifty.com
251,Vanna,Clewlow,7242 Spohn Junction,Charlotte,North Carolina,28299,704-290-0830,vclewlow6y@pbs.org
252,Dehlia,Rodda,99 Tennyson Crossing,Phoenix,Arizona,85025,520-727-7977,drodda6z@elpais.com
253,Sib,Salzberg,2 Boyd Plaza,Orlando,Florida,32859,407-763-3025,ssalzberg70@sbwire.com
254,Grace,Pach,7601 Independence Center,Huntsville,Alabama,35805,256-330-9068,gpach71@quantcast.com
255,Janean,Spilstead,40 Northview Plaza,San Francisco,California,94116,415-267-7897,jspilstead72@businessweek.com
256,Danny,Hardiman,91794 Cordelia Alley,Topeka,Kansas,66699,785-553-5886,dhardiman73@reddit.com
257,Rona,McNicol,31 Dwight Circle,Dallas,Texas,75397,214-717-9248,rmcnicol74@about.me
258,Tessie,Richley,7 Manufacturers Way,Newton,Massachusetts,02162,508-870-5506,trichley75@cisco.com
259,Sharai,Tankus,2528 Namekagon Circle,Irvine,California,92619,949-140-4896,stankus76@loc.gov
260,Lenna,Saer,4 Forest Dale Lane,Louisville,Kentucky,40250,502-937-7845,lsaer77@last.fm
261,Veronica,Elstob,1 Daystar Avenue,Washington,District of Columbia,20420,202-906-4615,velstob78@earthlink.net
262,Hobard,Matz,1 Reindahl Trail,Honolulu,Hawaii,96850,808-483-6161,hmatz79@devhub.com
263,Thekla,Spyvye,24234 Menomonie Trail,Charlotte,North Carolina,28230,704-248-6955,tspyvye7a@newyorker.com
264,Halie,MacKimm,84120 Merry Plaza,Washington,District of Columbia,20067,202-530-9229,hmackimm7b@mayoclinic.com
265,Lila,Handling,52185 Independence Street,Jacksonville,Florida,32244,904-785-0431,lhandling7c@behance.net
266,Sigfrid,Reame,6 Dixon Plaza,New York City,New York,10150,212-822-9672,sreame7d@patch.com
267,Effie,Ridulfo,1 Arrowood Point,Minneapolis,Minnesota,55402,651-728-8563,eridulfo7e@miitbeian.gov.cn
268,Bonni,Lepard,7963 1st Parkway,Bridgeport,Connecticut,06673,203-285-6536,blepard7f@china.com.cn
269,Goldie,Rue,856 Forest Run Way,Dallas,Texas,75221,972-274-8888,grue7g@slate.com
270,Giordano,Dalgarno,48653 Spohn Court,Ventura,California,93005,805-657-3322,gdalgarno7h@marketwatch.com
271,Logan,Fearnley,0004 Prairieview Pass,Helena,Montana,59623,406-457-6205,lfearnley7i@arstechnica.com
272,Hannie,Grcic,04675 Daystar Place,Oklahoma City,Oklahoma,73104,405-113-0755,hgrcic7j@php.net
273,Verene,Doge,005 Trailsway Pass,Garland,Texas,75044,972-851-1691,vdoge7k@senate.gov
274,Lyndsay,St Clair,703 Heffernan Alley,El Paso,Texas,88589,915-673-8502,lstclair7l@home.pl
275,Shaw,Fermor,866 Ilene Avenue,Reno,Nevada,89510,775-388-9455,sfermor7m@craigslist.org
276,Blanca,Omrod,4396 Bunting Parkway,Redwood City,California,94064,650-497-3544,bomrod7n@disqus.com
277,Jena,Evitt,84 Blue Bill Park Alley,Portland,Oregon,97296,503-325-1131,jevitt7o@webs.com
278,Bennie,Blaxall,01063 Talmadge Lane,Woburn,Massachusetts,01813,339-305-2775,bblaxall7p@reddit.com
279,Jamill,Karpenko,24 Monterey Way,New York City,New York,10105,917-425-8843,jkarpenko7q@ft.com
280,Warner,Andri,04897 Oriole Crossing,Albany,New York,12210,518-694-9556,wandri7r@ucla.edu
281,Steffie,Edinboro,908 Moulton Point,Colorado Springs,Colorado,80930,719-855-7001,sedinboro7s@msn.com
282,Rafe,Murch,10 Arrowood Court,Marietta,Georgia,30066,770-134-4421,rmurch7t@fda.gov
283,Brody,Garfath,53830 Warbler Terrace,Washington,District of Columbia,20370,202-646-9473,bgarfath7u@behance.net
284,Reggy,Andries,21142 Truax Court,Arlington,Virginia,22225,571-158-9093,randries7v@dot.gov
285,Dix,Filippello,8 Cottonwood Hill,Frederick,Maryland,21705,240-877-7198,dfilippello7w@netscape.com
286,Leonora,Bleesing,2807 Vidon Plaza,Springfield,Illinois,62723,217-941-4075,lbleesing7x@feedburner.com
287,Joana,Blomefield,87 Lawn Avenue,Anchorage,Alaska,99507,907-754-7440,jblomefield7y@un.org
288,Dagny,Marskell,396 Burning Wood Park,New York City,New York,10260,212-648-7112,dmarskell7z@army.mil
289,Elyn,Zaczek,903 Lunder Pass,Brooklyn,New York,11247,212-224-5766,ezaczek80@unicef.org
290,Hollyanne,Lamerton,625 Melody Alley,Monticello,Minnesota,55590,763-304-0029,hlamerton81@people.com.cn
291,Miguel,Westmarland,2 Boyd Place,Bradenton,Florida,34210,727-334-8082,mwestmarland82@icq.com
292,Prudi,Easterfield,87567 Loftsgordon Place,Greensboro,North Carolina,27404,336-955-5297,peasterfield83@topsy.com
293,Thayne,Gregs,6 Northfield Center,Topeka,Kansas,66617,785-134-1140,tgregs84@paypal.com
294,Wayne,Taffley,167 Talmadge Hill,Atlanta,Georgia,31196,404-474-1259,wtaffley85@tiny.cc
295,Pam,Marfe,001 Boyd Hill,Richmond,California,94807,510-991-5359,pmarfe86@ycombinator.com
296,Manolo,Eich,36325 Forster Road,Washington,District of Columbia,20220,202-240-6107,meich87@odnoklassniki.ru
297,Sibilla,Hewertson,9174 Monica Drive,Denver,Colorado,80241,720-428-9418,shewertson88@webmd.com
298,Duky,Gautrey,06 Granby Alley,Brooklyn,New York,11215,917-439-6621,dgautrey89@aol.com
299,Corrine,Scard,8815 Arapahoe Crossing,Birmingham,Alabama,35263,205-886-2258,cscard8a@cafepress.com
300,Kalina,Werrit,382 Mayer Lane,Salt Lake City,Utah,84120,801-944-6380,kwerrit8b@icio.us
301,Oneida,Hinstridge,5 East Crossing,Honolulu,Hawaii,96820,808-582-8706,ohinstridge8c@virginia.edu
302,Chandra,Curdell,8403 Claremont Road,Los Angeles,California,90076,323-898-3445,ccurdell8d@deliciousdays.com
303,Jacqui,Fussie,044 Donald Parkway,Jacksonville,Florida,32259,904-526-9631,jfussie8e@dagondesign.com
304,Dougie,Lidster,00 Warbler Road,Trenton,New Jersey,08638,609-826-0528,dlidster8f@huffingtonpost.com
305,Lizbeth,Crumly,7 Moose Street,Columbus,Georgia,31998,706-556-0576,lcrumly8g@hp.com
306,Juli,Laws,7626 Homewood Road,West Palm Beach,Florida,33421,561-387-3506,jlaws8h@smh.com.au
307,Juliane,Robardley,23 Hudson Alley,Stockton,California,95210,209-549-0680,jrobardley8i@wikispaces.com
308,Janella,Alywen,8853 Laurel Avenue,San Jose,California,95123,408-642-1882,jalywen8j@wordpress.org
309,Annnora,Albinson,97 Bartelt Drive,Huntsville,Alabama,35810,256-285-9525,aalbinson8k@tripadvisor.com
310,Lemuel,Kilborn,47304 Sauthoff Center,Charleston,West Virginia,25331,304-689-1677,lkilborn8l@skype.com
311,Berton,Nast,83551 Towne Trail,Denver,Colorado,80291,303-198-2058,bnast8m@over-blog.com
312,Holt,MacDunleavy,2 David Alley,Tallahassee,Florida,32304,850-168-9308,hmacdunleavy8n@angelfire.com
313,Charmain,Pullan,88170 Pearson Trail,Des Moines,Iowa,50335,515-896-3069,cpullan8o@freewebs.com
314,Kaile,Southway,388 Meadow Valley Pass,Harrisburg,Pennsylvania,17105,717-125-7613,ksouthway8p@fema.gov
315,Cullie,Portsmouth,5886 Esch Avenue,Boise,Idaho,83722,208-566-7082,cportsmouth8q@acquirethisname.com
316,Misty,Hellens,55 Pine View Parkway,Racine,Wisconsin,53405,262-242-6901,mhellens8r@si.edu
317,Fonzie,Middis,947 Northfield Trail,Johnstown,Pennsylvania,15906,814-849-7506,fmiddis8s@gov.uk
318,Abra,Babb,8975 8th Center,Washington,District of Columbia,20088,202-320-5471,ababb8t@yellowbook.com
319,Rachael,Flipek,62858 Haas Court,Waterbury,Connecticut,06705,203-168-6598,rflipek8u@discuz.net
320,Hughie,Berthelmot,57652 Esker Junction,Pompano Beach,Florida,33075,754-491-6844,hberthelmot8v@booking.com
321,Alis,Robinette,3419 Menomonie Crossing,Oakland,California,94627,510-448-1167,arobinette8w@washingtonpost.com
322,Malvina,Kaasmann,38 Pennsylvania Road,Monroe,Louisiana,71213,318-160-7796,mkaasmann8x@marketwatch.com
323,Creight,Bremond,5930 Carberry Crossing,Nashville,Tennessee,37215,615-125-2031,cbremond8y@pen.io
324,Ellswerth,Reuven,494 Nelson Hill,Tampa,Florida,33610,813-989-6839,ereuven8z@google.es
325,Shell,Fellgatt,42 New Castle Trail,Port Washington,New York,11054,516-347-5140,sfellgatt90@rediff.com
326,Irene,St. Louis,94 Lakewood Way,Raleigh,North Carolina,27615,919-675-1348,istlouis91@cnbc.com
327,Brendon,Meltetal,9 Farwell Pass,Fort Worth,Texas,76147,817-932-3408,bmeltetal92@tiny.cc
328,Sigismundo,Geraldo,28 Norway Maple Place,Fairbanks,Alaska,99790,907-659-9577,sgeraldo93@umn.edu
329,Frants,Cockland,7691 Almo Park,Irving,Texas,75062,817-931-8865,fcockland94@vkontakte.ru
330,Richmound,Pendleton,5338 Eliot Terrace,Washington,District of Columbia,20244,202-250-7163,rpendleton95@ftc.gov
331,Amos,Rigmand,505 Heath Street,New York City,New York,10150,212-155-3222,arigmand96@yellowbook.com
332,Bernardo,Lars,746 Jackson Court,Austin,Texas,78703,512-776-1441,blars97@yolasite.com
333,Claudia,Magner,135 Hoard Pass,Akron,Ohio,44315,330-771-6640,cmagner98@freewebs.com
334,Arch,Benallack,1 Loeprich Avenue,Dallas,Texas,75216,972-525-7098,abenallack99@cnbc.com
335,Bonita,McCart,1435 Grayhawk Way,Waterbury,Connecticut,06726,203-308-4541,bmccart9a@time.com
336,Iago,Demer,915 1st Hill,Huntington,West Virginia,25716,304-910-9889,idemer9b@dmoz.org
337,Shoshanna,Camps,48 Novick Drive,New Orleans,Louisiana,70160,504-916-7762,scamps9c@imageshack.us
338,Becky,Kochs,5 Hazelcrest Terrace,Marietta,Georgia,30066,678-571-4853,bkochs9d@adobe.com
339,Hendrika,Carbin,98117 7th Junction,Denver,Colorado,80262,303-914-3047,hcarbin9e@intel.com
340,Allegra,Cockran,102 American Park,New York City,New York,10280,347-359-8349,acockran9f@flavors.me
341,Gayle,Bedrosian,9434 Ramsey Street,Berkeley,California,94705,510-237-0316,gbedrosian9g@squidoo.com
342,Sam,Faunt,3903 Mallard Drive,Gainesville,Florida,32610,352-273-3964,sfaunt9h@dyndns.org
343,Pauly,Whittlesee,62 Melvin Place,Salt Lake City,Utah,84170,801-814-4345,pwhittlesee9i@phoca.cz
344,Winny,Hammerton,90 Lunder Alley,San Diego,California,92115,619-595-5471,whammerton9j@foxnews.com
345,Myrwyn,Bridat,045 Hayes Pass,Shreveport,Louisiana,71151,318-401-4042,mbridat9k@yellowpages.com
346,Lauretta,Jacquemard,6 Dakota Pass,San Antonio,Texas,78215,210-694-2142,ljacquemard9l@soup.io
347,Monika,Starking,7 Heffernan Parkway,Baton Rouge,Louisiana,70805,225-690-0252,mstarking9m@cam.ac.uk
348,Thorvald,Seak,100 Sommers Place,Rochester,New York,14624,585-206-1940,tseak9n@wufoo.com
349,Cinderella,Wanjek,662 Springs Circle,Memphis,Tennessee,38197,901-285-5526,cwanjek9o@stanford.edu
350,Fannie,Bartlett,5 Jay Trail,Pompano Beach,Florida,33064,954-920-7637,fbartlett9p@cdbaby.com
351,Hendrika,Defau,8 Haas Way,Bakersfield,California,93311,805-778-2812,hdefau9q@unesco.org
352,Alix,MacKimm,99 Dixon Place,Punta Gorda,Florida,33982,941-573-6043,amackimm9r@yandex.ru
353,Ario,Georgeau,7964 Tomscot Plaza,Jacksonville,Florida,32277,904-595-7766,ageorgeau9s@goo.gl
354,Mavis,Watchorn,53149 Kingsford Place,Peoria,Illinois,61640,309-461-1218,mwatchorn9t@senate.gov
355,Padgett,Cockrill,24 Tennyson Drive,Huntington,West Virginia,25705,304-204-7004,pcockrill9u@mashable.com
356,Tessa,Bartlam,955 Farwell Way,Saint Louis,Missouri,63104,314-154-5690,tbartlam9v@jugem.jp
357,Fleur,Lafoy,0 Merrick Lane,Jamaica,New York,11436,917-177-8580,flafoy9w@hao123.com
358,Fanechka,Archbould,334 American Ash Court,New York City,New York,10150,212-302-3626,farchbould9x@jigsy.com
359,Scarlett,Philbrick,36 Summerview Point,Savannah,Georgia,31416,912-939-5431,sphilbrick9y@zdnet.com
360,Kerry,Perrott,1 Thompson Court,Jacksonville,Florida,32204,904-392-0917,kperrott9z@reference.com
361,Dusty,Mulvaney,40 Lindbergh Center,Sioux Falls,South Dakota,57198,605-486-8728,dmulvaneya0@imageshack.us
362,Milzie,Villaron,490 Melody Point,San Mateo,California,94405,805-378-1814,mvillarona1@live.com
363,Sawyer,Waiting,93117 Hanson Drive,Seattle,Washington,98104,253-901-0877,swaitinga2@dedecms.com
364,Myrtice,Josephson,2855 Corben Avenue,Baltimore,Maryland,21275,410-526-2029,mjosephsona3@csmonitor.com
365,Kerwin,Haines,65213 Stuart Street,Charleston,West Virginia,25313,304-815-9931,khainesa4@ucla.edu
366,Gillian,Khosa,755 Twin Pines Park,Phoenix,Arizona,85067,602-165-6186,gkhosaa5@narod.ru
367,Farrell,Pachta,7989 Sutherland Street,Birmingham,Alabama,35279,205-988-0272,fpachtaa6@wufoo.com
368,Gennie,Millson,162 Elmside Place,Pensacola,Florida,32595,850-251-5708,gmillsona7@imdb.com
369,Dionisio,Pavlovic,2 Marquette Avenue,Hialeah,Florida,33018,786-534-7157,dpavlovica8@sciencedirect.com
370,Felecia,MacNamee,282 Blaine Terrace,Pocatello,Idaho,83206,208-935-7195,fmacnameea9@facebook.com
371,Adriana,Winterbottom,5 Moland Avenue,Washington,District of Columbia,20414,202-321-1438,awinterbottomaa@ameblo.jp
372,Leigh,Owthwaite,64 Forest Run Pass,Saint Paul,Minnesota,55115,763-274-8204,lowthwaiteab@devhub.com
373,Melody,Ponting,9654 Golden Leaf Place,Boca Raton,Florida,33432,561-995-5863,mpontingac@mozilla.com
374,Gae,Clemo,02670 Sachs Trail,Oklahoma City,Oklahoma,73124,405-449-0877,gclemoad@gravatar.com
375,Ettore,Groucock,45 Moland Point,San Bernardino,California,92405,909-759-9039,egroucockae@hud.gov
376,Brok,Dameisele,32018 Loeprich Drive,Joliet,Illinois,60435,815-410-7556,bdameiseleaf@marriott.com
377,Lancelot,Howselee,4098 Kings Park,Clearwater,Florida,34620,727-941-5570,lhowseleeag@ameblo.jp
378,Francklyn,Schukraft,0195 Bunting Road,Buffalo,New York,14225,716-623-7609,fschukraftah@wiley.com
379,Milli,Arderne,6 Mandrake Park,Saint Louis,Missouri,63150,314-740-6112,marderneai@fema.gov
380,Lea,Fanton,20275 Dahle Pass,Port Washington,New York,11054,516-741-2426,lfantonaj@vimeo.com
381,Kariotta,Klejna,4 Cordelia Lane,Shawnee Mission,Kansas,66205,816-663-4346,kklejnaak@forbes.com
382,Auberon,Woodley,07 Memorial Place,Louisville,Kentucky,40210,502-965-7780,awoodleyal@csmonitor.com
383,Guilbert,Clixby,3737 Dixon Place,Baton Rouge,Louisiana,70815,225-712-0779,gclixbyam@cbsnews.com
384,Matthieu,Wimlett,7 Lakeland Crossing,Fresno,California,93750,559-958-7086,mwimlettan@angelfire.com
385,Berta,Doward,812 Twin Pines Road,Nashville,Tennessee,37210,615-358-9472,bdowardao@oaic.gov.au
386,Irita,Noweak,1 Emmet Place,El Paso,Texas,79905,915-227-1973,inoweakap@privacy.gov.au
387,Luther,Studart,173 Memorial Junction,Shreveport,Louisiana,71105,318-780-2090,lstudartaq@storify.com
388,Adlai,Schoenfisch,27857 Pankratz Place,Greensboro,North Carolina,27415,336-385-5492,aschoenfischar@admin.ch
389,Maribel,Ogborne,47825 Beilfuss Hill,Houston,Texas,77035,713-885-5060,mogborneas@hatena.ne.jp
390,Gayle,Flewett,6176 Anhalt Way,Houston,Texas,77266,832-296-3665,gflewettat@forbes.com
391,Konstantin,Gomby,446 Glacier Hill Place,Columbia,South Carolina,29203,803-250-7935,kgombyau@nyu.edu
392,Nedda,Morecomb,79224 Morningstar Lane,Hartford,Connecticut,06140,860-992-8224,nmorecombav@loc.gov
393,William,Vokes,40 Dapin Avenue,Omaha,Nebraska,68197,402-931-6112,wvokesaw@dmoz.org
394,Yale,Lorincz,5833 Sunnyside Alley,Indianapolis,Indiana,46266,317-986-8721,ylorinczax@prnewswire.com
395,Dedie,O' Hogan,4 Upham Junction,Charleston,West Virginia,25356,304-516-3316,dohoganay@merriam-webster.com
396,Laird,Snibson,13090 Buhler Point,Montgomery,Alabama,36119,334-275-2522,lsnibsonaz@geocities.com
397,Poppy,Glander,9 Larry Avenue,New York City,New York,10275,212-297-4262,pglanderb0@flickr.com
398,Paolina,Bowe,7 Blaine Way,Atlanta,Georgia,30375,404-201-0147,pboweb1@csmonitor.com
399,Berri,Hagland,5 Packers Circle,Longview,Texas,75605,903-447-3683,bhaglandb2@goodreads.com
400,Lem,Palethorpe,305 Bunker Hill Drive,New York City,New York,10045,212-171-8753,lpalethorpeb3@merriam-webster.com
401,Bailey,Morrison,9 Boyd Junction,Battle Creek,Michigan,49018,269-798-1316,bmorrisonb4@constantcontact.com
402,Natasha,Petett,5908 Scofield Avenue,Philadelphia,Pennsylvania,19131,215-877-7692,npetettb5@bloglovin.com
403,Cherie,Sturridge,2637 Garrison Park,Seattle,Washington,98158,425-802-4993,csturridgeb6@nytimes.com
404,Hedi,Wilce,99 Corry Terrace,Anaheim,California,92805,310-367-2146,hwilceb7@netscape.com
405,Denis,Lefeuvre,78 Larry Place,Huntington,West Virginia,25721,304-857-5834,dlefeuvreb8@cyberchimps.com
406,Clemens,Sear,69881 Kinsman Parkway,Manchester,New Hampshire,03105,603-566-3254,csearb9@buzzfeed.com
407,Costanza,Gilhouley,5762 Bayside Place,Phoenix,Arizona,85077,602-196-3817,cgilhouleyba@forbes.com
408,Risa,Maccrae,2 Warner Way,Littleton,Colorado,80127,303-957-3423,rmaccraebb@arstechnica.com
409,Crin,MacKibbon,31 Redwing Junction,Valley Forge,Pennsylvania,19495,484-610-3226,cmackibbonbc@rediff.com
410,Norry,Brosini,5 Center Street,Colorado Springs,Colorado,80920,719-880-5690,nbrosinibd@fda.gov
411,Carolan,Karpe,17 Ruskin Hill,Sacramento,California,95828,916-830-1540,ckarpebe@baidu.com
412,Andrei,Lutwyche,367 Almo Park,New Orleans,Louisiana,70165,504-464-0495,alutwychebf@discovery.com
413,Wynne,Winter,2210 Green Ridge Alley,Richmond,Virginia,23225,757-477-9098,wwinterbg@sourceforge.net
414,Bob,Roscamp,15081 Russell Avenue,Salt Lake City,Utah,84130,801-286-3411,broscampbh@google.de
415,Hanna,Klasen,96 International Crossing,Sacramento,California,94230,916-236-7237,hklasenbi@drupal.org
416,Leilah,Reedy,4 Mesta Plaza,Jamaica,New York,11447,917-557-2307,lreedybj@nymag.com
417,Brannon,Orrell,23244 Express Place,Washington,District of Columbia,20456,202-300-3029,borrellbk@tinyurl.com
418,Roberta,Tildesley,6590 Susan Drive,Bridgeport,Connecticut,06673,203-875-0781,rtildesleybl@chron.com
419,Sherie,Gridon,9 Bayside Pass,Ogden,Utah,84409,801-158-4326,sgridonbm@scribd.com
420,Deirdre,Guilaem,092 Old Gate Road,Toledo,Ohio,43699,419-668-9483,dguilaembn@chron.com
421,Fitz,Hamill,2 Commercial Park,Milwaukee,Wisconsin,53215,414-197-8483,fhamillbo@earthlink.net
422,Joella,Gonnel,08524 Coolidge Lane,Jersey City,New Jersey,07305,201-905-4253,jgonnelbp@businessinsider.com
423,Adelaide,Besse,26 Schurz Circle,Boston,Massachusetts,02104,318-859-9980,abessebq@weather.com
424,Lynnea,Lummis,723 Coolidge Lane,Boulder,Colorado,80310,303-795-7093,llummisbr@dell.com
425,Mair,Darkott,7 Nobel Terrace,Topeka,Kansas,66606,785-428-5036,mdarkottbs@slate.com
426,Gilberta,Gatrill,589 Mockingbird Parkway,El Paso,Texas,88546,915-375-5985,ggatrillbt@google.nl
427,Barnabe,Bramelt,65 Bobwhite Point,Springfield,Missouri,65810,417-740-4252,bbrameltbu@biglobe.ne.jp
428,Aldus,Avraam,554 Utah Park,Syracuse,New York,13251,315-604-0034,aavraambv@merriam-webster.com
429,Marius,Buessen,0 Glendale Parkway,Montgomery,Alabama,36134,334-897-7746,mbuessenbw@gmpg.org
430,Kimberly,Sturrock,728 Clemons Pass,Birmingham,Alabama,35225,205-389-5718,ksturrockbx@narod.ru
431,Marabel,Baurerich,481 New Castle Center,Kansas City,Missouri,64149,816-383-2904,mbaurerichby@com.com
432,Gabrila,Norgan,38 Fisk Point,Atlanta,Georgia,30380,404-417-5077,gnorganbz@admin.ch
433,Fred,Robbings,97927 Novick Hill,Indianapolis,Indiana,46239,317-817-0193,frobbingsc0@hp.com
434,Robenia,Trevarthen,22 Lukken Road,Kansas City,Missouri,64190,816-992-0332,rtrevarthenc1@networkadvertising.org
435,Sharia,Keilty,623 Killdeer Crossing,Las Vegas,Nevada,89178,702-674-1146,skeiltyc2@eepurl.com
436,Amabel,Burditt,4 Drewry Center,Paterson,New Jersey,07505,862-816-2642,aburdittc3@sakura.ne.jp
437,Darci,Brende,71005 Dawn Way,Gulfport,Mississippi,39505,228-894-3865,dbrendec4@zimbio.com
438,Goldy,Aizkovitch,3 Old Gate Crossing,Baltimore,Maryland,21216,410-365-9036,gaizkovitchc5@harvard.edu
439,Rorke,McGeoch,538 Melody Center,Philadelphia,Pennsylvania,19160,215-358-3631,rmcgeochc6@posterous.com
440,Rubetta,Garrard,0 Cordelia Junction,Pasadena,California,91109,626-381-4199,rgarrardc7@hexun.com
441,Jeramie,Lerway,461 Almo Road,Austin,Texas,78737,512-843-8956,jlerwayc8@narod.ru
442,Eimile,Cornall,13673 Weeping Birch Point,Chicago,Illinois,60624,773-391-8123,ecornallc9@nbcnews.com
443,Gerry,Morter,70 Arapahoe Pass,Charlotte,North Carolina,28215,704-501-5033,gmorterca@exblog.jp
444,Jorey,Lowle,98 Hanover Circle,Akron,Ohio,44329,330-397-3787,jlowlecb@pagesperso-orange.fr
445,Jany,Money,37698 Maryland Terrace,Richmond,Virginia,23289,804-357-0514,jmoneycc@disqus.com
446,Marji,Mandel,31 Cambridge Plaza,Annapolis,Maryland,21405,443-735-6638,mmandelcd@craigslist.org
447,Marlin,Collin,73 Ohio Drive,Sioux City,Iowa,51110,712-422-1471,mcollince@nih.gov
448,Clarey,Perris,2113 Stone Corner Parkway,Mesa,Arizona,85205,602-676-7328,cperriscf@princeton.edu
449,Germain,Mathan,2031 Sauthoff Lane,Bradenton,Florida,34210,727-452-9793,gmathancg@youtu.be
450,Chrissy,Orgen,74 Brickson Park Way,Washington,District of Columbia,20575,202-151-3934,corgench@studiopress.com
451,Lester,Baumaier,312 Northwestern Circle,Chicago,Illinois,60641,630-687-6986,lbaumaierci@usnews.com
452,Rosie,Leate,73755 Declaration Parkway,Augusta,Georgia,30905,706-132-1082,rleatecj@fc2.com
453,Fanchon,Maria,6861 Kim Way,Washington,District of Columbia,56944,202-781-3564,fmariack@shutterfly.com
454,Beckie,Blackeby,88 Veith Court,Spokane,Washington,99220,509-806-5881,bblackebycl@ycombinator.com
455,Alejandro,Linsey,7 Golf Crossing,Scottsdale,Arizona,85255,602-217-5117,alinseycm@booking.com
456,Boigie,Sansum,99749 Bonner Drive,Aiken,South Carolina,29805,803-804-9032,bsansumcn@wikispaces.com
457,Ozzie,MacAleese,9 Vera Circle,Dallas,Texas,75287,972-687-1445,omacaleeseco@soundcloud.com
458,Kelly,Fforde,27 Oak Plaza,Cape Coral,Florida,33915,239-183-8988,kffordecp@qq.com
459,Janene,Moukes,80 Rockefeller Alley,Des Moines,Iowa,50330,515-153-9172,jmoukescq@theglobeandmail.com
460,Abra,Levy,20794 Lakewood Street,Maple Plain,Minnesota,55579,952-205-4239,alevycr@linkedin.com
461,Dennison,Lackney,309 Ramsey Park,Fort Worth,Texas,76121,817-555-3972,dlackneycs@1und1.de
462,Misty,Pakes,3 Artisan Lane,Mesa,Arizona,85215,602-755-7371,mpakesct@stanford.edu
463,Helsa,Rodgier,32590 Hovde Terrace,San Francisco,California,94137,415-987-8078,hrodgiercu@disqus.com
464,Tammi,Mayler,5 Carberry Pass,Topeka,Kansas,66629,785-413-2119,tmaylercv@exblog.jp
465,Arleen,McMichan,1 Dryden Point,Charleston,West Virginia,25331,304-449-5542,amcmichancw@hibu.com
466,Levon,Haslin,62 Petterle Street,South Bend,Indiana,46699,574-111-0888,lhaslincx@icq.com
467,Rossy,Blasgen,54817 Amoth Park,Albuquerque,New Mexico,87140,505-947-0333,rblasgency@java.com
468,Arlyn,Sawart,56707 Elmside Circle,Atlanta,Georgia,30311,770-697-9325,asawartcz@sciencedirect.com
469,Olive,Sill,25199 Westport Way,Anderson,Indiana,46015,765-202-1469,osilld0@pen.io
470,Winston,St. Leger,9 Sutherland Center,Jamaica,New York,11431,212-781-5000,wstlegerd1@latimes.com
471,Floris,Lackeye,24 Elmside Alley,Canton,Ohio,44710,330-891-2123,flackeyed2@smh.com.au
472,Rogers,Kingswood,6458 Stephen Plaza,Dallas,Texas,75358,214-490-5602,rkingswoodd3@webmd.com
473,Alene,Verriour,6 7th Court,Montgomery,Alabama,36104,334-908-6666,averriourd4@google.pl
474,Benedikt,Mintoff,818 Waywood Road,Erie,Pennsylvania,16565,814-519-8281,bmintoffd5@mediafire.com
475,Leonie,Pohl,18640 David Parkway,Oklahoma City,Oklahoma,73135,405-883-6273,lpohld6@shop-pro.jp
476,Jeramie,Kordes,3 Cody Street,West Palm Beach,Florida,33405,772-151-8601,jkordesd7@instagram.com
477,Rafi,Warr,90470 Upham Court,Milwaukee,Wisconsin,53225,414-150-2996,rwarrd8@indiatimes.com
478,Edlin,Fletham,2120 Ruskin Point,Clearwater,Florida,34629,727-285-4459,eflethamd9@tiny.cc
479,Boyce,Shirtcliffe,49 Pearson Drive,Daytona Beach,Florida,32118,386-281-2057,bshirtcliffeda@webmd.com
480,Krista,Thirwell,8 Porter Road,Wichita,Kansas,67230,316-672-5248,kthirwelldb@toplist.cz
481,Jimmy,Lithcow,615 Superior Circle,South Bend,Indiana,46699,574-131-8120,jlithcowdc@buzzfeed.com
482,Carl,Gabe,09520 Brown Plaza,Omaha,Nebraska,68164,402-251-5492,cgabedd@prlog.org
483,Hercules,Swainger,4 Grasskamp Road,Salt Lake City,Utah,84110,801-284-0522,hswaingerde@webmd.com
484,Mellie,Turnpenny,8 Novick Avenue,Milwaukee,Wisconsin,53215,414-224-6711,mturnpennydf@state.gov
485,Elliott,Guage,0 Claremont Center,Tampa,Florida,33661,813-575-7072,eguagedg@bigcartel.com
486,Silva,Pottage,3762 Onsgard Trail,Fargo,North Dakota,58122,701-813-4502,spottagedh@blogs.com
487,Stephie,Dillestone,03 Pepper Wood Place,Oklahoma City,Oklahoma,73142,405-876-7669,sdillestonedi@etsy.com
488,Harriot,Mottinelli,18 Oakridge Way,Mesa,Arizona,85205,602-164-6682,hmottinellidj@prlog.org
489,Giles,Edginton,7 Armistice Place,Pittsburgh,Pennsylvania,15279,412-626-8826,gedgintondk@unblog.fr
490,Rogerio,Martinek,369 Fieldstone Alley,Lexington,Kentucky,40586,859-881-0201,rmartinekdl@zimbio.com
491,Roscoe,Shurrocks,226 Merchant Street,New Haven,Connecticut,06505,203-742-8541,rshurrocksdm@drupal.org
492,Ardyth,Musso,10721 American Lane,Sacramento,California,95838,916-933-1385,amussodn@intel.com
493,Peggie,Pionter,467 Novick Hill,Kansas City,Missouri,64125,816-768-6836,ppionterdo@mozilla.org
494,Silvio,Lideard,37 Waxwing Lane,Maple Plain,Minnesota,55579,952-943-8987,slidearddp@taobao.com
495,Mari,Francklin,87874 Florence Drive,Atlanta,Georgia,30343,404-642-8602,mfrancklindq@deliciousdays.com
496,Leoline,Crutchley,9 Anthes Hill,Las Vegas,Nevada,89125,702-481-0108,lcrutchleydr@microsoft.com
497,Tadio,Dominichelli,777 Fremont Parkway,Kingsport,Tennessee,37665,423-596-9326,tdominichellids@adobe.com
498,Bradly,Holligan,143 Milwaukee Street,El Paso,Texas,79928,915-625-4374,bholligandt@uol.com.br
499,Alis,Volette,6 Bunting Street,Englewood,Colorado,80150,303-630-6796,avolettedu@naver.com
500,Roze,Ponter,80 Brickson Park Circle,Reno,Nevada,89595,775-395-5985,rponterdv@linkedin.com
501,Esmaria,Danet,01 Heffernan Junction,Columbia,South Carolina,29220,803-467-0009,edanetdw@ucoz.com
502,Filmore,Malpas,27341 Anderson Lane,Chattanooga,Tennessee,37450,423-610-3507,fmalpasdx@163.com
503,Berkley,Kinnett,462 Dennis Avenue,Fort Wayne,Indiana,46857,260-653-6176,bkinnettdy@indiegogo.com
504,Adelaida,Huggens,37 Caliangt Hill,Columbia,South Carolina,29240,803-914-5113,ahuggensdz@liveinternet.ru
505,Jenna,Wanless,50 Del Sol Drive,Buffalo,New York,14215,716-456-7195,jwanlesse0@csmonitor.com
506,Dav,Giberd,87 Hanson Alley,Rochester,New York,14614,315-245-8379,dgiberde1@toplist.cz
507,Sal,Goudard,850 Farragut Drive,Morgantown,West Virginia,26505,304-557-3551,sgoudarde2@devhub.com
508,Parry,Corro,03726 Dorton Way,Philadelphia,Pennsylvania,19178,215-287-6566,pcorroe3@artisteer.com
509,Frannie,Sawle,7700 Onsgard Crossing,Portland,Maine,04109,207-882-4810,fsawlee4@ycombinator.com
510,Huntlee,Tewkesberry,72252 Emmet Terrace,Bowie,Maryland,20719,240-898-3756,htewkesberrye5@cafepress.com
511,Verina,Reilinger,9219 Delaware Pass,Suffolk,Virginia,23436,757-319-6553,vreilingere6@canalblog.com
512,Erda,Hune,52632 Kenwood Avenue,Conroe,Texas,77305,936-612-2539,ehunee7@npr.org
513,Jandy,Jaggard,33 Raven Circle,Boulder,Colorado,80310,303-389-7023,jjaggarde8@amazonaws.com
514,Maryl,Cicculini,5 Clemons Trail,Bakersfield,California,93399,661-276-3964,mcicculinie9@cbc.ca
515,Trudi,Wallsam,9619 Magdeline Place,Spokane,Washington,99205,509-454-4173,twallsamea@hibu.com
516,Udell,Guerrin,1 Kings Trail,Colorado Springs,Colorado,80945,719-781-6089,uguerrineb@ocn.ne.jp
517,Brennan,Wynch,621 Sutherland Terrace,Cumming,Georgia,30130,706-135-5477,bwynchec@wordpress.com
518,Davidson,Lewtey,543 Walton Trail,Baton Rouge,Louisiana,70836,225-894-1257,dlewteyed@mysql.com
519,Kathe,Ashton,63 Beilfuss Place,Savannah,Georgia,31422,912-425-8244,kashtonee@independent.co.uk
520,Boyd,Valek,7 Scoville Parkway,Houston,Texas,77271,713-390-7830,bvalekef@unicef.org
521,Marji,Joules,189 Barby Drive,San Diego,California,92196,619-779-9882,mjouleseg@xing.com
522,Briny,Moorman,75745 Stone Corner Plaza,Chicago,Illinois,60674,312-257-6405,bmoormaneh@aboutads.info
523,Horatia,Retchford,56191 Dawn Pass,Virginia Beach,Virginia,23471,757-543-0725,hretchfordei@wikispaces.com
524,Rabi,Shill,38 Old Shore Lane,Des Moines,Iowa,50330,515-575-8056,rshillej@disqus.com
525,Bronson,Moylane,87 Gulseth Circle,Fort Worth,Texas,76192,682-571-2569,bmoylaneek@de.vu
526,Riordan,Goude,9 Kedzie Way,Nashville,Tennessee,37235,615-735-9198,rgoudeel@washingtonpost.com
527,Madelle,Yakushkin,3813 East Street,Migrate,Kentucky,41905,502-695-9636,myakushkinem@mtv.com
528,Egbert,Cashen,2 Stang Circle,Beaufort,South Carolina,29905,843-496-0901,ecashenen@goo.gl
529,Jessy,Britten,82512 Redwing Trail,Seattle,Washington,98127,206-633-0480,jbritteneo@businessinsider.com
530,Fawnia,Delamaine,01 Blue Bill Park Park,Gainesville,Florida,32605,352-548-3544,fdelamaineep@miitbeian.gov.cn
531,Burg,Bagnell,7 Rowland Road,Sacramento,California,95813,916-210-3780,bbagnelleq@google.com.au
532,Clair,Heball,4 Shasta Road,Newport Beach,California,92662,949-858-6646,cheballer@webnode.com
533,Torrin,Killik,836 Shelley Road,Dallas,Texas,75221,214-574-6589,tkillikes@ucla.edu
534,Aldridge,Harcus,91358 Donald Pass,New York City,New York,10175,646-882-0698,aharcuset@ask.com
535,Gordy,Yate,959 Forest Dale Park,Memphis,Tennessee,38188,901-512-5894,gyateeu@blog.com
536,Emelina,Wiburn,2 Mandrake Point,Seattle,Washington,98166,206-141-6339,ewiburnev@angelfire.com
537,Anne-corinne,Airton,43 Reinke Avenue,Evansville,Indiana,47737,812-364-6262,aairtonew@booking.com
538,Mellisent,Masterton,7 Havey Drive,Pittsburgh,Pennsylvania,15235,724-595-0719,mmastertonex@who.int
539,Nikolia,Boath,79 Starling Plaza,Roanoke,Virginia,24004,540-396-0939,nboathey@slashdot.org
540,Kingsly,Simo,642 Mesta Alley,San Diego,California,92165,619-664-8340,ksimoez@dedecms.com
541,Shirlee,McGlade,71972 Pawling Junction,North Port,Florida,34290,941-805-4538,smcgladef0@ustream.tv
542,Bartie,Warlock,2096 Grover Circle,Sacramento,California,95818,916-926-2715,bwarlockf1@cmu.edu
543,Dyna,O'Fallon,878 Golden Leaf Park,Young America,Minnesota,55551,952-703-0809,dofallonf2@tinypic.com
544,Romola,Haggath,18 Dixon Street,Lancaster,Pennsylvania,17605,717-251-9093,rhaggathf3@unc.edu
545,Shep,Forte,19 Gina Avenue,San Jose,California,95123,408-489-0037,sfortef4@wunderground.com
546,Tobin,Bather,6 5th Junction,Las Vegas,Nevada,89193,702-687-4948,tbatherf5@slate.com
547,Duffy,St. Leger,1 Mallory Way,Stockton,California,95210,209-230-4339,dstlegerf6@webeden.co.uk
548,Troy,Pellitt,9 Randy Trail,Sacramento,California,94245,916-198-5179,tpellittf7@wunderground.com
549,Lonnie,Pridmore,90756 Amoth Plaza,Dallas,Texas,75210,469-668-0587,lpridmoref8@cocolog-nifty.com
550,Leeland,Tyas,0289 Pleasure Crossing,Richmond,California,94807,510-130-9347,ltyasf9@mozilla.org
551,Shaughn,Pauls,79277 Namekagon Hill,Mobile,Alabama,36670,251-928-0692,spaulsfa@yahoo.com
552,Gabriel,Claxton,69534 Graedel Lane,Denver,Colorado,80249,720-497-5915,gclaxtonfb@livejournal.com
553,Hazlett,Papps,88136 Mayer Drive,Naples,Florida,34108,239-779-5752,hpappsfc@tripadvisor.com
554,Edik,Gostick,7351 Moose Court,Newton,Massachusetts,02162,508-778-5376,egostickfd@oakley.com
555,Trent,Bugdale,1326 Kinsman Center,Chicago,Illinois,60636,773-430-0280,tbugdalefe@naver.com
556,Cicily,Clunan,8321 Golf View Lane,Atlanta,Georgia,30358,404-544-3833,cclunanff@nsw.gov.au
557,Byran,Kincade,64129 Manitowish Alley,Houston,Texas,77080,713-246-2293,bkincadefg@is.gd
558,Hillard,Childs,40 Hermina Way,Dearborn,Michigan,48126,313-259-4755,hchildsfh@nyu.edu
559,Kare,Pauling,707 Manufacturers Alley,Fort Worth,Texas,76134,817-267-4542,kpaulingfi@globo.com
560,Niki,Byllam,078 Troy Lane,Charlotte,North Carolina,28247,704-461-2074,nbyllamfj@tuttocitta.it
561,Lacey,Moden,73 Killdeer Court,Houston,Texas,77276,713-776-5056,lmodenfk@princeton.edu
562,Sholom,Hawsby,174 Moose Lane,Macon,Georgia,31205,478-815-5109,shawsbyfl@last.fm
563,Betteanne,Christescu,261 Texas Parkway,Chicago,Illinois,60691,312-601-2270,bchristescufm@abc.net.au
564,Faber,Mouland,593 Orin Circle,Honolulu,Hawaii,96835,808-546-6068,fmoulandfn@nationalgeographic.com
565,Broderick,Dello,04 Nelson Lane,Baton Rouge,Louisiana,70883,225-587-8373,bdellofo@fc2.com
566,Paddie,Liversidge,76151 Chive Junction,Saint Louis,Missouri,63167,314-529-7998,pliversidgefp@aboutads.info
567,Betteanne,Lis,3 Maple Wood Lane,Charlotte,North Carolina,28263,704-238-6068,blisfq@google.it
568,Margie,Cobbing,0400 Katie Lane,El Paso,Texas,79950,915-693-4833,mcobbingfr@freewebs.com
569,Myrtie,Antonellini,4346 Express Point,Abilene,Texas,79699,325-196-2616,mantonellinifs@bbb.org
570,Warren,Chadbourne,0 Mallard Hill,Rochester,New York,14604,585-446-9889,wchadbourneft@google.pl
571,Alyssa,Kemm,4 Esch Circle,Columbus,Ohio,43210,614-785-3868,akemmfu@upenn.edu
572,Mace,Kenrat,82452 Graceland Point,Fayetteville,North Carolina,28305,910-637-6318,mkenratfv@lycos.com
573,Elsy,Kleinhandler,8 Novick Place,Trenton,New Jersey,08695,609-740-4871,ekleinhandlerfw@who.int
574,Payton,Andreas,65552 Magdeline Crossing,Falls Church,Virginia,22047,571-486-6711,pandreasfx@hatena.ne.jp
575,Des,O'Monahan,3961 Cardinal Drive,Panama City,Florida,32412,850-473-1626,domonahanfy@nps.gov
576,Ogdan,Fawley,06 Bashford Terrace,Young America,Minnesota,55573,952-613-5831,ofawleyfz@dedecms.com
577,Chen,Kobpa,3497 Montana Point,Pensacola,Florida,32575,850-737-3068,ckobpag0@jigsy.com
578,Verine,McAirt,38623 Schiller Terrace,Washington,District of Columbia,20397,202-912-2212,vmcairtg1@ow.ly
579,Claudia,Aleksankov,55 Westport Park,Salem,Oregon,97312,971-297-2491,caleksankovg2@imgur.com
580,Reamonn,Greenroyd,98 Di Loreto Way,Fort Wayne,Indiana,46867,260-172-4708,rgreenroydg3@eepurl.com
581,Ramonda,Proffer,86208 Declaration Center,Boise,Idaho,83727,208-479-4179,rprofferg4@usatoday.com
582,Wenda,McAtamney,95 Northwestern Place,Portland,Oregon,97229,503-450-0071,wmcatamneyg5@diigo.com
583,Raimund,Wilber,76 Oxford Point,Naples,Florida,34114,239-144-6296,rwilberg6@dropbox.com
584,Yancy,Bourbon,6477 Continental Plaza,Arlington,Virginia,22234,571-883-8592,ybourbong7@is.gd
585,Edmund,Sam,805 Homewood Avenue,Inglewood,California,90310,310-212-9309,esamg8@amazon.co.jp
586,Kristyn,Eastman,078 Park Meadow Parkway,Yonkers,New York,10705,914-501-4359,keastmang9@nbcnews.com
587,Desiree,Cockman,622 Del Mar Lane,Memphis,Tennessee,38143,901-292-7053,dcockmanga@nps.gov
588,Curtis,Devonshire,1 Bay Court,Columbus,Ohio,43226,614-690-8118,cdevonshiregb@prweb.com
589,Katherina,Frape,22 Independence Junction,Washington,District of Columbia,20022,202-294-0087,kfrapegc@google.fr
590,Daisy,Clausius,5 Fair Oaks Lane,Oklahoma City,Oklahoma,73124,405-393-8061,dclausiusgd@bravesites.com
591,Isis,Jenton,08 Anhalt Parkway,Lexington,Kentucky,40591,859-659-9095,ijentonge@themeforest.net
592,Ardella,Concklin,0 Nova Road,Independence,Missouri,64054,816-300-3677,aconcklingf@mediafire.com
593,Mary,Bail,9 Blackbird Park,Visalia,California,93291,209-248-7295,mbailgg@pinterest.com
594,Druci,Cheesworth,82803 John Wall Road,New Castle,Pennsylvania,16107,724-450-5936,dcheesworthgh@imdb.com
595,Karina,Golding,17235 Bellgrove Lane,Ogden,Utah,84409,801-627-7643,kgoldinggi@pinterest.com
596,Blanca,Hacking,4484 Petterle Avenue,Washington,District of Columbia,20319,202-675-1960,bhackinggj@t-online.de
597,Bertha,Circuit,3 Thierer Lane,Charleston,South Carolina,29411,843-822-9385,bcircuitgk@senate.gov
598,Blinny,Gibb,73 Farmco Point,Indianapolis,Indiana,46216,317-619-6945,bgibbgl@skype.com
599,Leoine,Dunwoody,5249 Spaight Alley,Erie,Pennsylvania,16565,814-840-0366,ldunwoodygm@reverbnation.com
600,Vaughn,Baglow,2945 Waubesa Terrace,Durham,North Carolina,27705,919-617-3169,vbaglowgn@a8.net
601,Berne,Odegaard,718 Aberg Plaza,El Paso,Texas,79905,915-242-4007,bodegaardgo@comcast.net
602,Maren,Featherstonhalgh,2684 Brown Alley,New Orleans,Louisiana,70179,504-328-6654,mfeatherstonhalghgp@columbia.edu
603,Mavis,Wishkar,22 Melrose Junction,Visalia,California,93291,559-311-5061,mwishkargq@theguardian.com
604,Barty,Seamark,47 Del Sol Point,Albany,New York,12222,518-740-0380,bseamarkgr@archive.org
605,Lyndel,Imlin,79 Bay Lane,High Point,North Carolina,27264,336-513-1602,limlings@blogspot.com
606,Jacquenetta,Pinyon,87 Dawn Pass,Bradenton,Florida,34205,941-858-4129,jpinyongt@acquirethisname.com
607,Costanza,Bennell,4641 John Wall Avenue,Philadelphia,Pennsylvania,19109,215-690-1354,cbennellgu@ustream.tv
608,Rayshell,Cess,275 Gale Way,Newark,Delaware,19725,302-768-6008,rcessgv@elpais.com
609,Eadie,Ungaretti,6258 Bowman Junction,Omaha,Nebraska,68164,402-122-4946,eungarettigw@g.co
610,Cyndi,Djokic,168 Helena Junction,Alhambra,California,91841,626-477-2749,cdjokicgx@wikia.com
611,Raphaela,Newman,0356 Shasta Drive,Denver,Colorado,80243,303-658-4494,rnewmangy@shareasale.com
612,Livvie,Blackwell,95400 Columbus Terrace,Memphis,Tennessee,38126,901-913-5365,lblackwellgz@bloglovin.com
613,Madge,Hort,464 Knutson Parkway,El Paso,Texas,88535,915-211-3205,mhorth0@fastcompany.com
614,Doe,Secker,1 Ilene Avenue,Knoxville,Tennessee,37914,865-532-3369,dseckerh1@dedecms.com
615,Matthias,Crookston,21 Park Meadow Avenue,Mansfield,Ohio,44905,419-174-7692,mcrookstonh2@storify.com
616,Orville,Pietz,0425 Carioca Trail,Rockville,Maryland,20851,240-683-3271,opietzh3@etsy.com
617,Norri,Jozefowicz,284 Pleasure Way,Oklahoma City,Oklahoma,73104,405-696-3677,njozefowiczh4@reuters.com
618,Hendrika,Hebble,8540 Utah Drive,Boston,Massachusetts,02203,617-246-9057,hhebbleh5@ask.com
619,Chandler,Haskayne,37736 Del Sol Park,Knoxville,Tennessee,37931,865-153-7739,chaskayneh6@about.me
620,Dasi,Tibbotts,4 Bonner Place,Salem,Oregon,97312,971-698-9183,dtibbottsh7@comsenz.com
621,Goldi,Sweed,77765 Myrtle Court,Miami,Florida,33233,786-690-3363,gsweedh8@free.fr
622,Alano,Keener,5 Eliot Alley,Louisville,Kentucky,40298,502-968-7022,akeenerh9@si.edu
623,Bryan,Bradly,662 Manley Way,San Bernardino,California,92415,909-537-9600,bbradlyha@flavors.me
624,Trefor,Emig,4 Bluejay Crossing,Brooklyn,New York,11241,347-636-3067,temighb@apache.org
625,Cesare,Mancer,891 Dorton Junction,Long Beach,California,90805,310-783-9672,cmancerhc@jigsy.com
626,Trix,Sones,06193 Golden Leaf Place,New York City,New York,10014,347-351-1138,tsoneshd@tripod.com
627,Wainwright,Baynom,2361 Roxbury Park,Colorado Springs,Colorado,80910,719-893-1834,wbaynomhe@reverbnation.com
628,Juli,Rosenblad,9 Mosinee Crossing,Tampa,Florida,33625,813-474-2461,jrosenbladhf@t.co
629,Tabina,Shirland,91724 Waubesa Drive,Milwaukee,Wisconsin,53225,414-395-1576,tshirlandhg@vkontakte.ru
630,Mala,Kleeman,76477 Buhler Court,Charlotte,North Carolina,28210,704-961-0535,mkleemanhh@mlb.com
631,Teddi,Bohlens,7376 Crownhardt Terrace,Bonita Springs,Florida,34135,941-532-8645,tbohlenshi@amazon.de
632,Aurelie,Mac,03 Spaight Place,Chicago,Illinois,60669,312-656-4459,amachj@gov.uk
633,Paco,Mozzini,4 Jay Point,San Jose,California,95160,408-280-6031,pmozzinihk@springer.com
634,Maryellen,Beament,63 Butterfield Junction,Santa Ana,California,92705,714-799-4529,mbeamenthl@kickstarter.com
635,Ilysa,Unitt,69104 Mccormick Circle,Richmond,Virginia,23228,804-263-2246,iunitthm@fema.gov
636,Quinn,Catonnet,35 Marquette Lane,Montgomery,Alabama,36114,334-604-2324,qcatonnethn@businessweek.com
637,Kelley,Currey,85717 4th Terrace,Englewood,Colorado,80150,303-501-1495,kcurreyho@example.com
638,Emogene,Hazlewood,41591 Eastwood Terrace,Lincoln,Nebraska,68531,402-773-3410,ehazlewoodhp@omniture.com
639,Shannan,Folke,1 Hoard Alley,Fargo,North Dakota,58122,701-672-5256,sfolkehq@t.co
640,Bertha,Secret,6 Tony Lane,Houston,Texas,77030,832-743-4343,bsecrethr@home.pl
641,Joy,Halpine,8597 Nobel Crossing,Washington,District of Columbia,20010,202-509-3819,jhalpinehs@yellowpages.com
642,Enid,Lyford,4 5th Circle,Murfreesboro,Tennessee,37131,615-806-8660,elyfordht@microsoft.com
643,Mattias,Ewert,4034 6th Road,Nashville,Tennessee,37235,615-866-6090,mewerthu@slate.com
644,Inglis,Gabb,378 Hoepker Pass,Englewood,Colorado,80150,303-422-2825,igabbhv@pagesperso-orange.fr
645,Melany,Grazier,096 Darwin Drive,Elmira,New York,14905,607-659-2744,mgrazierhw@wikimedia.org
646,Tish,Hadland,18527 Spaight Lane,Kansas City,Missouri,64149,816-252-3676,thadlandhx@nih.gov
647,Nikolas,Sprakes,62 Towne Crossing,Fort Wayne,Indiana,46825,260-708-4995,nsprakeshy@tumblr.com
648,Ansel,Wheildon,88 Artisan Plaza,Montgomery,Alabama,36195,334-512-7205,awheildonhz@bravesites.com
649,Kerry,Ciraldo,3906 Surrey Lane,Seattle,Washington,98121,425-771-1355,kciraldoi0@discovery.com
650,Travus,von Hagt,2 Mesta Center,Austin,Texas,78710,512-175-7442,tvonhagti1@altervista.org
651,Mozes,Tousey,2 Bluestem Street,Tulsa,Oklahoma,74170,918-641-9931,mtouseyi2@huffingtonpost.com
652,Siusan,Ville,811 Longview Center,New Orleans,Louisiana,70116,504-195-5381,svillei3@bravesites.com
653,Rycca,Scottrell,54243 Reindahl Circle,Phoenix,Arizona,85077,602-937-3448,rscottrelli4@arizona.edu
654,Carolee,Briat,6 Arizona Parkway,Bloomington,Illinois,61709,309-829-2615,cbriati5@live.com
655,Jemmie,Fearnley,10626 Buena Vista Place,Charleston,West Virginia,25321,304-120-3322,jfearnleyi6@dagondesign.com
656,Tremain,Szreter,861 Schiller Road,Alexandria,Virginia,22313,571-137-4612,tszreteri7@msu.edu
657,Mickie,Hryniewicz,6353 Myrtle Alley,Miami,Florida,33196,305-536-4899,mhryniewiczi8@indiegogo.com
658,Leonanie,Clavering,883 Sauthoff Parkway,Shawnee Mission,Kansas,66220,913-866-5514,lclaveringi9@github.com
659,Jourdain,Werndley,3310 Chive Junction,Houston,Texas,77035,713-465-1944,jwerndleyia@psu.edu
660,Benyamin,Cadd,457 Clarendon Terrace,Houston,Texas,77228,713-924-4867,bcaddib@sciencedirect.com
661,Stanleigh,Biasi,2 Tomscot Terrace,Fresno,California,93762,559-493-8655,sbiasiic@sbwire.com
662,Costanza,Hunnisett,933 Dayton Center,Saint Louis,Missouri,63116,314-932-1993,chunnisettid@people.com.cn
663,Jamaal,Munson,73 Bay Terrace,Toledo,Ohio,43666,419-371-1359,jmunsonie@umn.edu
664,Shepherd,Stockton,90 Sunbrook Drive,Anchorage,Alaska,99512,907-440-7953,sstocktonif@vk.com
665,Mata,Stiffell,449 Pankratz Alley,Katy,Texas,77493,281-295-4991,mstiffellig@virginia.edu
666,Regina,Maior,1 Colorado Circle,Washington,District of Columbia,20244,202-589-8922,rmaiorih@hibu.com
667,Silvana,McCallam,882 Dennis Alley,El Paso,Texas,79945,915-928-3045,smccallamii@desdev.cn
668,Jerrilee,Best,510 Browning Drive,Mobile,Alabama,36628,251-765-1897,jbestij@51.la
669,Hortense,Keam,013 Pierstorff Pass,Torrance,California,90510,818-692-9275,hkeamik@ow.ly
670,Rudd,Charnock,3 Hauk Road,Miami,Florida,33169,954-478-2039,rcharnockil@chronoengine.com
671,Jaquelin,Sare,5 Corscot Plaza,New Orleans,Louisiana,70149,504-750-6974,jsareim@tripadvisor.com
672,Rance,Backes,82 Thierer Center,Mobile,Alabama,36641,251-941-1887,rbackesin@taobao.com
673,Noelle,Bernaert,7 Leroy Pass,Punta Gorda,Florida,33982,941-838-0116,nbernaertio@bravesites.com
674,Lyndsey,Cleeton,15 Saint Paul Way,New Haven,Connecticut,06510,203-645-1535,lcleetonip@nps.gov
675,Angel,Habbal,0 Glacier Hill Plaza,Austin,Texas,78778,512-939-3667,ahabbaliq@jimdo.com
676,Robinia,Zollner,9 Aberg Place,Arlington,Texas,76011,214-625-7918,rzollnerir@wp.com
677,Jannelle,Caddan,7 Lukken Hill,Houston,Texas,77020,281-687-0992,jcaddanis@bloomberg.com
678,Rochester,Hackinge,5 Shasta Point,Buffalo,New York,14210,716-721-8344,rhackingeit@nydailynews.com
679,Rhodie,Tapper,7 Boyd Parkway,New Orleans,Louisiana,70183,504-579-9840,rtapperiu@admin.ch
680,Lilyan,Lowings,3789 Rutledge Place,Salinas,California,93907,831-831-1915,llowingsiv@instagram.com
681,Amaleta,Moult,750 Texas Road,Stamford,Connecticut,06922,203-958-1507,amoultiw@cpanel.net
682,Blinny,David,42271 Brickson Park Parkway,Minneapolis,Minnesota,55470,612-604-8602,bdavidix@whitehouse.gov
683,Cami,Jessop,1054 Division Pass,Jackson,Mississippi,39296,601-719-3971,cjessopiy@nbcnews.com
684,Nicoline,Glancy,99 Elgar Circle,Indianapolis,Indiana,46266,317-996-6143,nglancyiz@cbc.ca
685,Josephine,Wethered,801 Ohio Hill,Columbus,Ohio,43268,614-926-1518,jwetheredj0@mozilla.org
686,Abbey,Jakoubek,002 Spohn Plaza,Saint Louis,Missouri,63110,314-710-8407,ajakoubekj1@eepurl.com
687,Kathryne,Moncey,93 Lakewood Gardens Crossing,Saint Augustine,Florida,32092,904-660-0127,kmonceyj2@accuweather.com
688,Peria,Croose,2 Eagan Hill,Arlington,Virginia,22205,703-277-8934,pcroosej3@icio.us
689,Maddie,Blesing,1 Thackeray Parkway,Boston,Massachusetts,02216,617-397-9375,mblesingj4@reddit.com
690,Timothea,Wiggins,27990 Almo Junction,Bradenton,Florida,34210,941-927-0570,twigginsj5@usda.gov
691,Adina,Worthington,7579 Briar Crest Pass,Atlanta,Georgia,30358,404-976-2073,aworthingtonj6@php.net
692,Ebony,Ethington,49 Mcbride Avenue,Huntington,West Virginia,25711,304-566-6306,eethingtonj7@ocn.ne.jp
693,Franni,Donisthorpe,4187 Morrow Hill,Springfield,Ohio,45505,937-497-2134,fdonisthorpej8@over-blog.com
694,Kalvin,Chapiro,90 Green Ridge Way,Hollywood,Florida,33028,305-378-5523,kchapiroj9@goo.ne.jp
695,Ileane,Ghelardoni,6712 Leroy Center,Baltimore,Maryland,21229,410-636-1663,ighelardonija@weather.com
696,Hadria,Schoenfisch,12025 Buell Avenue,Laredo,Texas,78044,956-216-2185,hschoenfischjb@google.cn
697,Gideon,Rollings,580 Continental Trail,Seattle,Washington,98166,253-399-3631,grollingsjc@microsoft.com
698,Marna,MacAnulty,68554 Arrowood Drive,Little Rock,Arkansas,72209,501-788-7827,mmacanultyjd@themeforest.net
699,Augusto,Shedd,64 Ludington Trail,Salem,Oregon,97312,971-199-4466,asheddje@wsj.com
700,Kahaleel,Barnfield,692 Everett Center,Topeka,Kansas,66642,785-605-4737,kbarnfieldjf@amazon.com
701,Barrie,Tampion,00033 Upham Road,North Hollywood,California,91606,818-824-1404,btampionjg@tinypic.com
702,Daphne,Willmore,23 Corry Avenue,Seattle,Washington,98195,206-103-6039,dwillmorejh@yelp.com
703,Ashlan,Macbeth,4343 Northfield Point,Phoenix,Arizona,85045,480-968-0738,amacbethji@rambler.ru
704,Eulalie,Brennon,6 Northview Way,Milwaukee,Wisconsin,53215,414-925-2959,ebrennonjj@cyberchimps.com
705,Kareem,Crevagh,3 Ridgeview Lane,Atlanta,Georgia,31165,404-497-3126,kcrevaghjk@cocolog-nifty.com
706,Zolly,Cuthbertson,12539 Algoma Street,Chattanooga,Tennessee,37405,423-242-8936,zcuthbertsonjl@hhs.gov
707,Caritta,Labrenz,3 Manufacturers Court,Shawnee Mission,Kansas,66205,913-839-7500,clabrenzjm@hugedomains.com
708,Bryn,Boumphrey,83 Helena Center,Chicago,Illinois,60657,312-544-0763,bboumphreyjn@wordpress.org
709,Lira,Lingard,0 East Crossing,Las Vegas,Nevada,89115,702-476-3680,llingardjo@ed.gov
710,Yvette,Biglin,443 Larry Park,Miami,Florida,33245,786-814-5333,ybiglinjp@usnews.com
711,Elspeth,Himsworth,9 Iowa Point,Indianapolis,Indiana,46239,317-436-4995,ehimsworthjq@addtoany.com
712,Eulalie,Brunesco,0172 Ridge Oak Lane,Schenectady,New York,12305,518-164-8076,ebrunescojr@netscape.com
713,Ros,Hubert,6741 Linden Court,Richmond,Virginia,23285,804-907-2393,rhubertjs@dropbox.com
714,Alvie,Streatley,9752 Jay Alley,Baton Rouge,Louisiana,70894,225-303-1452,astreatleyjt@netscape.com
715,Lindie,Korfmann,81 Tennessee Center,Lake Worth,Florida,33467,561-265-9732,lkorfmannju@twitter.com
716,Dare,Isaacson,4968 Miller Junction,Birmingham,Alabama,35225,205-889-9209,disaacsonjv@myspace.com
717,Max,Verrillo,4 Southridge Point,Houston,Texas,77245,713-370-0066,mverrillojw@pinterest.com
718,Dominique,Ranyelld,2689 Continental Point,Lansing,Michigan,48919,517-142-1809,dranyelldjx@cocolog-nifty.com
719,Danice,Heatherington,95065 Moose Point,Norfolk,Virginia,23504,757-143-7499,dheatheringtonjy@icq.com
720,Orelia,Zink,52 Crescent Oaks Plaza,Gainesville,Florida,32627,352-108-2970,ozinkjz@google.it
721,Krystyna,Copins,83800 Swallow Hill,Sacramento,California,94250,916-586-2748,kcopinsk0@devhub.com
722,Aggie,Jamot,2653 Red Cloud Terrace,Washington,District of Columbia,20470,202-849-9836,ajamotk1@dropbox.com
723,Cele,D'Oyly,4 Hudson Street,Shawnee Mission,Kansas,66225,913-226-3724,cdoylyk2@cyberchimps.com
724,Rip,Ech,50755 Warbler Crossing,Orange,California,92668,858-873-0877,rechk3@msn.com
725,Kirby,Cockett,098 Tennyson Point,Santa Fe,New Mexico,87505,505-799-6607,kcockettk4@auda.org.au
726,Cob,Raeburn,145 Spaight Park,Austin,Texas,78759,512-222-3889,craeburnk5@weibo.com
727,Den,Theuss,74015 Del Sol Street,Memphis,Tennessee,38114,901-483-5192,dtheussk6@vimeo.com
728,Bekki,Forte,63 Anderson Junction,Augusta,Georgia,30919,706-245-0868,bfortek7@t.co
729,Erma,Duckerin,178 Ronald Regan Trail,Myrtle Beach,South Carolina,29579,843-141-7813,educkerink8@hugedomains.com
730,Leonidas,Fetherstone,6 Emmet Way,Green Bay,Wisconsin,54305,920-227-0252,lfetherstonek9@oaic.gov.au
731,Vassily,Alford,201 Forster Pass,Alhambra,California,91841,626-529-0875,valfordka@angelfire.com
732,Flemming,Harold,77900 Blackbird Pass,New York City,New York,10110,917-562-3050,fharoldkb@amazon.co.jp
733,Thatcher,Yurkin,31664 Carberry Crossing,New York City,New York,10099,646-310-4951,tyurkinkc@de.vu
734,Rhona,Dehn,5967 Harbort Circle,Clearwater,Florida,33758,813-283-6435,rdehnkd@who.int
735,Rebeka,Munns,7 Randy Street,New Orleans,Louisiana,70116,504-560-5257,rmunnske@pen.io
736,Danny,Reaveley,05088 Arizona Hill,Hartford,Connecticut,06160,860-271-4036,dreaveleykf@theatlantic.com
737,Anna,Coslitt,3232 Sutherland Way,Kansas City,Missouri,64101,816-270-8732,acoslittkg@apple.com
738,Tucky,Beynkn,75996 Burrows Lane,Memphis,Tennessee,38188,901-142-4801,tbeynknkh@diigo.com
739,Theodora,Keiling,46934 Tomscot Street,Waterbury,Connecticut,06721,203-284-4559,tkeilingki@com.com
740,Tybie,Klimko,223 Warrior Street,New York City,New York,10275,212-316-4926,tklimkokj@usatoday.com
741,Ashby,Hopkyns,86 Scott Court,Tucson,Arizona,85725,520-544-1558,ahopkynskk@mysql.com
742,Catlaina,Borth,607 Vidon Plaza,Tampa,Florida,33625,727-768-3645,cborthkl@ucsd.edu
743,Franni,Mudd,95 Sauthoff Place,New Haven,Connecticut,06538,203-567-2248,fmuddkm@taobao.com
744,Giraud,Castledine,099 Sunbrook Court,Chicago,Illinois,60674,312-102-9632,gcastledinekn@slashdot.org
745,Consalve,Tomkinson,3 Straubel Alley,Richmond,Virginia,23289,804-214-4989,ctomkinsonko@bravesites.com
746,Katharyn,Megainey,1 Leroy Park,Houston,Texas,77206,713-988-7106,kmegaineykp@gravatar.com
747,Cammi,Woolvett,0053 Miller Point,Fort Worth,Texas,76121,817-802-8101,cwoolvettkq@bbc.co.uk
748,Irma,Giacobilio,0 Katie Point,Fullerton,California,92835,714-462-2104,igiacobiliokr@dailymotion.com
749,Carola,Dod,79519 Dovetail Avenue,Tulsa,Oklahoma,74184,918-451-6592,cdodks@addtoany.com
750,Jillian,Catto,6721 Weeping Birch Crossing,Austin,Texas,78715,512-383-9924,jcattokt@nydailynews.com
751,Skip,Baddeley,0 Holmberg Court,Phoenix,Arizona,85072,602-662-5276,sbaddeleyku@wordpress.com
752,Bambi,Kingescot,3518 Hooker Parkway,Jackson,Tennessee,38308,731-285-1421,bkingescotkv@plala.or.jp
753,Ephrayim,Wakeham,00406 Clyde Gallagher Court,Indianapolis,Indiana,46278,317-443-5985,ewakehamkw@google.it
754,Towny,Shepheard,00237 Clyde Gallagher Street,Metairie,Louisiana,70033,504-364-3927,tshepheardkx@illinois.edu
755,Kristoffer,Fitchew,52 Swallow Park,Orlando,Florida,32808,407-226-5820,kfitchewky@naver.com
756,Leanor,Leving,0968 Del Mar Trail,Pasadena,California,91186,626-800-3274,llevingkz@epa.gov
757,Cass,Pinnegar,05 Longview Avenue,Charlotte,North Carolina,28247,704-337-7703,cpinnegarl0@ibm.com
758,Binny,Tilio,02 5th Crossing,Garden Grove,California,92844,310-256-0968,btiliol1@lulu.com
759,Bonnee,Holson,928 Lunder Way,Jackson,Mississippi,39204,601-309-7656,bholsonl2@dion.ne.jp
760,Ollie,Petticrew,6 Portage Plaza,Warren,Ohio,44485,330-762-8559,opetticrewl3@hao123.com
761,Melamie,Windle,8 Sunfield Place,Raleigh,North Carolina,27605,919-639-7143,mwindlel4@gov.uk
762,Cathyleen,Python,08252 John Wall Way,San Diego,California,92160,619-777-6898,cpythonl5@ycombinator.com
763,Justis,Glison,5079 Harper Park,Seattle,Washington,98140,206-382-1087,jglisonl6@guardian.co.uk
764,Bengt,Clunie,501 Village Green Avenue,Salem,Oregon,97312,971-106-3051,bcluniel7@ed.gov
765,Welch,Lambourne,95 Esker Trail,Marietta,Georgia,30066,678-492-9410,wlambournel8@reddit.com
766,Edithe,Nern,36 Melody Pass,Chicago,Illinois,60697,312-870-7831,enernl9@mac.com
767,Julie,Lanbertoni,7307 Monica Road,Davenport,Iowa,52804,563-709-9466,jlanbertonila@slideshare.net
768,Currie,Shier,390 Miller Hill,Miami,Florida,33129,786-183-5537,cshierlb@google.com.au
769,Alvin,Jeffery,02 Muir Road,Appleton,Wisconsin,54915,920-518-1263,ajefferylc@myspace.com
770,Eustace,Higgonet,85354 Sycamore Crossing,Saint Louis,Missouri,63167,314-566-1180,ehiggonetld@ted.com
771,Llewellyn,Jarman,49686 Corben Lane,Mobile,Alabama,36616,251-352-3755,ljarmanle@macromedia.com
772,Mala,Blinman,2 Orin Way,New Orleans,Louisiana,70187,504-295-4754,mblinmanlf@sfgate.com
773,Jada,Jankovic,16 4th Street,Oklahoma City,Oklahoma,73179,405-615-9324,jjankoviclg@aol.com
774,Caryl,Mellmoth,0 Eagan Circle,Washington,District of Columbia,20205,202-803-3713,cmellmothlh@pagesperso-orange.fr
775,Oran,Carney,48 Doe Crossing Avenue,Baton Rouge,Louisiana,70810,225-999-6388,ocarneyli@behance.net
776,Patin,Wiltsher,83221 Hoard Park,Temple,Texas,76505,254-297-4274,pwiltsherlj@tripod.com
777,Purcell,Luck,19 Mosinee Crossing,Rockville,Maryland,20851,240-279-8495,plucklk@who.int
778,Rowan,Sugge,04 Butternut Circle,Atlanta,Georgia,30323,678-644-8133,rsuggell@ning.com
779,Simone,Runham,3369 Dryden Drive,Amarillo,Texas,79176,806-142-3913,srunhamlm@yellowbook.com
780,Ira,Greenshiels,32626 Forster Park,Richmond,Virginia,23272,804-515-7376,igreenshielsln@cisco.com
781,Ninetta,Mullard,40 Charing Cross Point,Galveston,Texas,77554,409-197-3666,nmullardlo@msn.com
782,Berty,Thrush,18749 Oakridge Circle,Santa Barbara,California,93111,702-237-0540,bthrushlp@springer.com
783,Killian,Kean,1 Quincy Trail,Wilmington,Delaware,19886,302-428-9894,kkeanlq@mac.com
784,Dante,Vigurs,76 Anzinger Alley,Miami,Florida,33180,305-198-4363,dvigurslr@princeton.edu
785,Saunders,Vyvyan,38 Paget Junction,Columbus,Ohio,43215,614-540-3569,svyvyanls@drupal.org
786,Rebbecca,Anthona,94 Ryan Terrace,Albany,New York,12242,518-657-5579,ranthonalt@naver.com
787,Mayor,Spittles,35 Holmberg Avenue,Memphis,Tennessee,38136,901-417-1811,mspittleslu@telegraph.co.uk
788,Skylar,Arniz,143 Forest Pass,Metairie,Louisiana,70005,504-171-8763,sarnizlv@independent.co.uk
789,Archibald,Skyram,3228 Becker Street,Waco,Texas,76705,254-721-1098,askyramlw@i2i.jp
790,Addie,Shelp,3 Green Point,Fort Pierce,Florida,34981,772-363-4479,ashelplx@springer.com
791,Glenna,Moyles,86 Vernon Point,Atlanta,Georgia,30358,404-995-6255,gmoylesly@alexa.com
792,Scarface,Tinker,3 Bashford Circle,Chicago,Illinois,60663,312-853-0519,stinkerlz@skype.com
793,Saudra,Jacson,329 Debra Park,Richmond,Virginia,23293,804-275-5877,sjacsonm0@friendfeed.com
794,Trent,Hugnet,00965 Shoshone Court,Louisville,Kentucky,40215,502-738-7441,thugnetm1@answers.com
795,Thibaud,Hucke,17 Sommers Avenue,Chicago,Illinois,60636,773-628-6157,thuckem2@mlb.com
796,Peadar,Monteaux,96358 Montana Place,Harrisburg,Pennsylvania,17121,717-248-2270,pmonteauxm3@marriott.com
797,Melisandra,McGilmartin,707 Utah Drive,Dayton,Ohio,45414,937-407-6007,mmcgilmartinm4@devhub.com
798,Harland,Winterborne,4 Shoshone Plaza,Fort Worth,Texas,76134,817-131-5543,hwinterbornem5@wikipedia.org
799,Caresse,Le land,74080 Old Shore Point,Apache Junction,Arizona,85219,480-217-9822,clelandm6@pcworld.com
800,Jinny,Bilton,82851 Declaration Trail,Vancouver,Washington,98682,360-601-1443,jbiltonm7@google.co.uk
801,Pippy,Hodgets,51996 Eggendart Street,Ashburn,Virginia,22093,571-839-2872,phodgetsm8@tmall.com
802,Bank,Stachini,5565 Trailsway Point,Prescott,Arizona,86305,928-969-5713,bstachinim9@homestead.com
803,Zane,Bourbon,365 Jay Park,Little Rock,Arkansas,72231,501-373-0783,zbourbonma@123-reg.co.uk
804,Yorker,Corness,477 Thompson Terrace,Harrisburg,Pennsylvania,17121,717-229-9121,ycornessmb@sakura.ne.jp
805,Heriberto,Brunsen,46340 Thierer Hill,Fullerton,California,92835,714-611-7172,hbrunsenmc@dagondesign.com
806,Row,O' Shea,6 Mosinee Avenue,Miami Beach,Florida,33141,305-713-9872,rosheamd@biglobe.ne.jp
807,Bette,Tisun,9700 Pine View Point,Saint Paul,Minnesota,55123,952-964-4070,btisunme@auda.org.au
808,Mirabel,Mathelon,878 Trailsway Trail,Orlando,Florida,32813,407-305-9165,mmathelonmf@webnode.com
809,Babara,Schwant,64 Rigney Lane,El Paso,Texas,88569,915-315-5503,bschwantmg@sbwire.com
810,Kennedy,Hulburt,798 Redwing Drive,Pittsburgh,Pennsylvania,15215,412-100-0780,khulburtmh@chicagotribune.com
811,Sandra,Blakeborough,090 Oneill Junction,New York City,New York,10125,212-834-9810,sblakeboroughmi@example.com
812,Gilberte,Vogele,152 Grim Alley,Houston,Texas,77035,713-427-7977,gvogelemj@unicef.org
813,Guillemette,Ingerith,8 Dryden Road,Pittsburgh,Pennsylvania,15225,412-508-3105,gingerithmk@yolasite.com
814,Tiphani,Wraxall,725 Meadow Vale Alley,Albuquerque,New Mexico,87105,505-775-9621,twraxallml@oaic.gov.au
815,Arline,Lukes,612 Lotheville Place,Pittsburgh,Pennsylvania,15250,412-692-8467,alukesmm@comsenz.com
816,Sherline,Burston,1766 Schurz Plaza,Pittsburgh,Pennsylvania,15261,412-456-7030,sburstonmn@shop-pro.jp
817,Sherwood,Oak,90 Raven Way,East Saint Louis,Illinois,62205,618-208-0205,soakmo@usa.gov
818,Say,Hurley,805 Monterey Lane,Birmingham,Alabama,35215,205-981-4410,shurleymp@newyorker.com
819,Isaak,Baggarley,5398 Lakewood Gardens Street,Naples,Florida,34102,941-554-7921,ibaggarleymq@usatoday.com
820,Lari,Marchington,89 Truax Way,Oakland,California,94622,510-767-8582,lmarchingtonmr@scribd.com
821,Rutger,Rallings,94 Pleasure Point,Dallas,Texas,75323,214-821-3948,rrallingsms@statcounter.com
822,Vivien,Novacek,54 Onsgard Avenue,Houston,Texas,77085,713-820-8371,vnovacekmt@dailymotion.com
823,Celestyna,Mallison,6538 Prairieview Trail,Berkeley,California,94712,510-590-6980,cmallisonmu@vkontakte.ru
824,Montgomery,Tender,6557 Mcbride Drive,Portsmouth,Virginia,23705,757-865-5529,mtendermv@jalbum.net
825,Berri,Kinton,21 Grover Parkway,Austin,Texas,78754,512-698-9845,bkintonmw@homestead.com
826,Leyla,Tiler,2 Truax Circle,Salt Lake City,Utah,84199,801-742-8058,ltilermx@creativecommons.org
827,Leonardo,Skegg,14 Ridge Oak Lane,Tacoma,Washington,98447,253-906-5506,lskeggmy@edublogs.org
828,June,Izac,8004 Melvin Park,Pensacola,Florida,32526,850-434-2264,jizacmz@quantcast.com
829,Aloise,Caldaro,99 Northwestern Court,Scottsdale,Arizona,85271,480-891-4201,acaldaron0@freewebs.com
830,Ninnette,Robker,05 Vera Street,Tacoma,Washington,98442,253-243-7885,nrobkern1@multiply.com
831,Bogey,Rossey,651 Hallows Point,Peoria,Illinois,61614,309-806-1392,brosseyn2@whitehouse.gov
832,Anastasie,Tippell,62 Leroy Point,Young America,Minnesota,55573,952-818-7301,atippelln3@biblegateway.com
833,Kennett,Meineken,7 Esker Terrace,Washington,District of Columbia,20436,202-241-7552,kmeinekenn4@dell.com
834,Serge,Churcher,62 Iowa Drive,Southfield,Michigan,48076,586-824-9170,schurchern5@ucsd.edu
835,Sophey,Ricson,3 Spenser Court,Decatur,Illinois,62525,217-721-8263,sricsonn6@bloomberg.com
836,Jenica,Janaud,4520 Briar Crest Hill,Louisville,Kentucky,40210,502-940-7125,jjanaudn7@usnews.com
837,Desdemona,Lawrenceson,92346 Morrow Court,Panama City,Florida,32405,850-974-3234,dlawrencesonn8@ehow.com
838,Kerrin,Guillond,787 Amoth Street,Mount Vernon,New York,10557,914-379-3119,kguillondn9@samsung.com
839,Irvine,Geraudel,32 Pine View Alley,Albany,New York,12227,518-101-3609,igeraudelna@slashdot.org
840,Peder,Caitlin,30560 Talisman Trail,Long Beach,California,90805,562-375-9471,pcaitlinnb@slate.com
841,Anabella,Ettery,39 Algoma Crossing,Huntington,West Virginia,25716,304-291-7705,aetterync@google.it
842,Mona,Coupman,1 Scoville Terrace,Washington,District of Columbia,20067,202-975-8870,mcoupmannd@oracle.com
843,Gizela,Atley,5 Oakridge Lane,San Jose,California,95108,408-313-1315,gatleyne@studiopress.com
844,Giles,Beeho,6067 Cottonwood Point,Fort Lauderdale,Florida,33355,754-671-1300,gbeehonf@lycos.com
845,Gregoor,Palin,08 Pepper Wood Center,Fresno,California,93704,559-227-1437,gpalinng@1688.com
846,Kimberli,Bywaters,57 School Park,Orlando,Florida,32803,407-180-2851,kbywatersnh@webeden.co.uk
847,Xenos,Christie,62 Service Trail,College Station,Texas,77844,979-675-7896,xchristieni@opera.com
848,Melloney,Lewerenz,3399 Erie Road,Lancaster,California,93584,661-518-9255,mlewerenznj@behance.net
849,Bax,Pirazzi,7252 Heffernan Plaza,Milwaukee,Wisconsin,53225,414-612-0643,bpirazzink@ning.com
850,Brooks,Lambdin,5658 Sauthoff Parkway,Great Neck,New York,11024,516-574-4983,blambdinnl@nymag.com
851,Meredith,Killingbeck,9 Hoffman Drive,New York City,New York,10270,347-101-9385,mkillingbecknm@businessinsider.com
852,Darcey,Rosthorn,5322 Golden Leaf Avenue,Paterson,New Jersey,07544,862-428-9487,drosthornnn@google.com
853,Alfie,Gutman,37 Mcbride Trail,Naples,Florida,33961,305-321-3468,agutmanno@craigslist.org
854,Edik,Klosges,24962 Center Parkway,Honolulu,Hawaii,96825,808-527-1575,eklosgesnp@gmpg.org
855,Farlay,Carreck,09889 Nova Avenue,Helena,Montana,59623,406-922-1066,fcarrecknq@technorati.com
856,Penn,Marquiss,522 Mandrake Pass,Oklahoma City,Oklahoma,73114,405-512-5491,pmarquissnr@hp.com
857,Kleon,Cruddace,21 Schiller Place,Washington,District of Columbia,20310,202-512-1426,kcruddacens@yahoo.co.jp
858,Phyllis,Martinuzzi,752 Sherman Point,Cedar Rapids,Iowa,52410,319-341-4927,pmartinuzzint@springer.com
859,Steve,Meagh,24 Hintze Court,Alexandria,Louisiana,71307,318-708-2004,smeaghnu@oaic.gov.au
860,Trenton,Moncreiff,7177 Arizona Parkway,Pasadena,California,91199,626-695-3688,tmoncreiffnv@jimdo.com
861,Shoshana,Benck,3 Schlimgen Crossing,Erie,Pennsylvania,16534,814-358-4255,sbencknw@unesco.org
862,Sallyanne,Pickersgill,4 Mayfield Street,San Antonio,Texas,78296,210-309-7661,spickersgillnx@wufoo.com
863,Reba,Claw,6 Shopko Junction,Oceanside,California,92056,760-102-9482,rclawny@marriott.com
864,Avrit,Suart,6771 Oak Drive,Van Nuys,California,91499,213-556-9578,asuartnz@scientificamerican.com
865,Read,Barnsdall,17 Goodland Alley,Wichita,Kansas,67205,316-888-4517,rbarnsdallo0@mayoclinic.com
866,Pamelina,Le Marquis,07216 Jenna Lane,Indianapolis,Indiana,46221,317-563-8544,plemarquiso1@goo.ne.jp
867,Gigi,Juschka,5814 Sloan Junction,West Palm Beach,Florida,33411,561-207-4765,gjuschkao2@cmu.edu
868,Happy,Dunton,27 Grover Parkway,Philadelphia,Pennsylvania,19109,215-854-5007,hduntono3@cornell.edu
869,Inga,Leadbeater,02 Cardinal Junction,Irving,Texas,75037,214-995-6466,ileadbeatero4@dropbox.com
870,Leonerd,Ruxton,16828 Elmside Court,Roanoke,Virginia,24020,540-991-7501,lruxtono5@mozilla.org
871,Milton,Packham,2 Walton Way,Metairie,Louisiana,70005,504-467-8638,mpackhamo6@wikipedia.org
872,Loy,Maitland,19 Walton Alley,Columbus,Ohio,43220,614-748-3130,lmaitlando7@nps.gov
873,Constantia,Budleigh,5 Kipling Lane,Port Saint Lucie,Florida,34985,772-974-6583,cbudleigho8@stumbleupon.com
874,Trev,Munns,74 Bluestem Point,Midland,Michigan,48670,989-580-6087,tmunnso9@intel.com
875,Clara,Darinton,08 Eagle Crest Lane,Buffalo,New York,14215,716-450-2214,cdarintonoa@cbc.ca
876,Callie,Klousner,399 Ruskin Trail,San Diego,California,92160,619-682-5574,cklousnerob@merriam-webster.com
877,Wendell,Ravilus,92329 Sunfield Plaza,Washington,District of Columbia,20057,202-957-1851,wravilusoc@goo.ne.jp
878,Morey,Yurkov,69004 Merry Point,Montgomery,Alabama,36109,334-963-2504,myurkovod@parallels.com
879,Ursulina,Lauderdale,10028 Claremont Junction,Brockton,Massachusetts,02305,508-865-9512,ulauderdaleoe@hao123.com
880,Falito,Beven,43457 Holmberg Drive,Omaha,Nebraska,68144,402-487-3686,fbevenof@1und1.de
881,Preston,Darrigone,23 Brickson Park Park,Fort Smith,Arkansas,72905,479-996-9316,pdarrigoneog@google.pl
882,Franny,Houlson,30 Cambridge Way,Washington,District of Columbia,20414,202-815-0415,fhoulsonoh@plala.or.jp
883,Raphael,Dunphie,96 Green Park,Detroit,Michigan,48224,586-976-9406,rdunphieoi@weather.com
884,Gabriele,Cater,45 Mallory Park,Colorado Springs,Colorado,80940,719-714-6108,gcateroj@goodreads.com
885,Wallace,Dunridge,492 Glacier Hill Way,Los Angeles,California,90076,323-504-3619,wdunridgeok@eepurl.com
886,Emmalee,McIlvaney,79 La Follette Crossing,Charlotte,North Carolina,28220,704-825-9129,emcilvaneyol@geocities.jp
887,Othella,Hegerty,0 Starling Parkway,Fresno,California,93715,209-447-3357,ohegertyom@mayoclinic.com
888,Gaile,Poxson,53 Sutherland Place,Lees Summit,Missouri,64082,816-960-8879,gpoxsonon@umn.edu
889,Candida,Rakestraw,4159 Stuart Park,Phoenix,Arizona,85072,602-175-7534,crakestrawoo@cpanel.net
890,Beaufort,Farnish,59068 Judy Hill,Omaha,Nebraska,68179,402-567-9598,bfarnishop@dropbox.com
891,Jules,Gretham,98 Lawn Drive,Alexandria,Virginia,22313,571-451-5508,jgrethamoq@wordpress.org
892,Rocky,Michin,605 Pine View Place,Staten Island,New York,10310,914-206-2880,rmichinor@sun.com
893,Leslie,Gotecliffe,56029 Ryan Crossing,Carson City,Nevada,89706,775-617-6446,lgotecliffeos@google.nl
894,Creighton,Vaun,100 Arrowood Road,Dallas,Texas,75397,214-460-9615,cvaunot@amazonaws.com
895,Clim,Crawforth,61823 Fieldstone Point,Spartanburg,South Carolina,29319,864-200-7106,ccrawforthou@wikia.com
896,Irving,Godson,758 Rigney Avenue,El Paso,Texas,79911,915-768-8036,igodsonov@furl.net
897,Caspar,Goundsy,526 Melody Avenue,Washington,District of Columbia,20525,202-389-6793,cgoundsyow@answers.com
898,Stanford,Lassell,63 Canary Plaza,Jamaica,New York,11480,917-260-0827,slassellox@yellowpages.com
899,Trix,Kilbride,52 Shoshone Road,Berkeley,California,94712,510-140-9748,tkilbrideoy@is.gd
900,Susanne,Lempke,8887 Rowland Hill,Boston,Massachusetts,02119,508-201-5084,slempkeoz@tamu.edu
901,Asher,Rosone,570 Holmberg Drive,Birmingham,Alabama,35242,205-128-6635,arosonep0@ebay.co.uk
902,Shara,Gaydon,60 Golf View Center,San Francisco,California,94147,415-212-7626,sgaydonp1@vistaprint.com
903,Tracie,Spanton,17 Drewry Alley,Detroit,Michigan,48242,248-633-0261,tspantonp2@lycos.com
904,Pace,Maddra,0 Bultman Trail,Boston,Massachusetts,02216,617-125-3163,pmaddrap3@state.tx.us
905,Antonius,Eakin,493 Oakridge Center,Henderson,Nevada,89012,702-396-6726,aeakinp4@jigsy.com
906,Delia,Potzold,2508 Beilfuss Avenue,Lawrenceville,Georgia,30245,404-923-3570,dpotzoldp5@google.pl
907,Shayne,Balme,1 Brentwood Terrace,Phoenix,Arizona,85045,602-124-6000,sbalmep6@miitbeian.gov.cn
908,Clint,Francescotti,119 Rieder Place,Atlanta,Georgia,30336,404-422-2348,cfrancescottip7@ucla.edu
909,Donnajean,Orable,958 Lakewood Gardens Center,Salt Lake City,Utah,84199,801-461-3203,dorablep8@slate.com
910,Alan,Alltimes,294 Longview Pass,Worcester,Massachusetts,01605,508-241-1935,aalltimesp9@printfriendly.com
911,Roscoe,Teliga,528 Bellgrove Circle,Boise,Idaho,83722,208-465-4171,rteligapa@amazon.co.jp
912,Berny,Ivell,8414 Moose Lane,New Orleans,Louisiana,70154,504-362-7331,bivellpb@surveymonkey.com
913,Darrel,Dmitrievski,393 Porter Park,Washington,District of Columbia,20029,202-488-2205,ddmitrievskipc@spotify.com
914,Trix,Linggard,364 Brentwood Parkway,Norman,Oklahoma,73071,405-969-1705,tlinggardpd@bbc.co.uk
915,Consolata,Kenefick,53 Upham Junction,Dayton,Ohio,45490,937-208-0866,ckenefickpe@acquirethisname.com
916,Cos,Overbury,84771 School Point,Memphis,Tennessee,38161,901-341-9900,coverburypf@cloudflare.com
917,Rudolph,Swateridge,2 Knutson Place,Minneapolis,Minnesota,55428,763-475-5802,rswateridgepg@google.com
918,Reese,Couve,3634 Larry Parkway,Columbia,South Carolina,29203,803-103-6463,rcouveph@go.com
919,Janifer,Fransseni,0222 Jenna Center,Maple Plain,Minnesota,55572,763-517-5677,jfranssenipi@epa.gov
920,Baxter,MacAree,23498 Tony Center,Lexington,Kentucky,40586,859-213-4895,bmacareepj@xinhuanet.com
921,Chandal,Verick,9 Esker Drive,Charlottesville,Virginia,22908,434-274-7738,cverickpk@elegantthemes.com
922,Inez,Brosh,2571 Corben Street,Fort Lauderdale,Florida,33345,754-759-6456,ibroshpl@gizmodo.com
923,Tessi,Axston,5 Bay Circle,Charlottesville,Virginia,22903,434-214-7107,taxstonpm@amazon.de
924,Sterne,Sjostrom,99 Kennedy Parkway,Saint Louis,Missouri,63167,314-211-4194,ssjostrompn@people.com.cn
925,Aurie,Peasee,975 Ridgeview Plaza,Des Moines,Iowa,50305,515-844-5451,apeaseepo@phoca.cz
926,Huntley,Blewmen,5 Harper Circle,Tucson,Arizona,85748,520-413-6954,hblewmenpp@vistaprint.com
927,Flossie,Sever,24 Badeau Way,Frankfort,Kentucky,40618,502-226-8647,fseverpq@twitpic.com
928,Gretta,Speir,99 Namekagon Way,Tulsa,Oklahoma,74170,918-936-6121,gspeirpr@wired.com
929,Amber,Charlewood,463 Walton Hill,Springfield,Massachusetts,01129,413-995-0619,acharlewoodps@studiopress.com
930,Jaimie,Tressler,65 Brentwood Junction,Nashville,Tennessee,37245,615-376-8200,jtresslerpt@nhs.uk
931,Rachele,Pennell,295 Arrowood Park,Charlotte,North Carolina,28242,704-785-3648,rpennellpu@abc.net.au
932,Clo,Nunson,44 Garrison Hill,Young America,Minnesota,55557,952-323-7198,cnunsonpv@printfriendly.com
933,Natividad,Sisselot,28606 Rusk Alley,Mesa,Arizona,85205,480-535-2864,nsisselotpw@opera.com
934,Spencer,Street,8808 Onsgard Parkway,Washington,District of Columbia,20046,202-515-7379,sstreetpx@chron.com
935,Colin,Redgrave,5 Arkansas Avenue,Huntsville,Alabama,35810,256-124-5280,credgravepy@squarespace.com
936,Tomaso,Tohill,765 Forster Park,Lees Summit,Missouri,64082,816-936-8236,ttohillpz@wordpress.com
937,Arni,Harker,7 Village Parkway,Lansing,Michigan,48956,517-271-7659,aharkerq0@digg.com
938,Marcelo,Pirt,01391 Haas Pass,Midland,Texas,79705,432-516-3518,mpirtq1@noaa.gov
939,Ebony,Soans,23375 Northland Street,San Francisco,California,94142,415-349-9286,esoansq2@vk.com
940,Dell,Caurah,25 Sunnyside Street,Port Washington,New York,11054,516-846-5348,dcaurahq3@dyndns.org
941,Yorker,Galea,24 Rutledge Avenue,Erie,Pennsylvania,16534,814-382-5431,ygaleaq4@uiuc.edu
942,Wash,Chazelle,9131 Independence Alley,Brooklyn,New York,11205,646-103-3054,wchazelleq5@phpbb.com
943,Ludwig,Du Hamel,0 Warbler Terrace,Saint Paul,Minnesota,55115,651-585-9500,lduhamelq6@businesswire.com
944,Sandi,Wilce,70857 Kipling Way,Monticello,Minnesota,55565,763-159-8741,swilceq7@nydailynews.com
945,Donnamarie,Vlasenkov,038 Goodland Parkway,El Paso,Texas,79945,915-595-4918,dvlasenkovq8@feedburner.com
946,Idalia,Thursby,19 Rowland Avenue,Saginaw,Michigan,48609,989-845-3691,ithursbyq9@cyberchimps.com
947,Codie,Burdis,3879 Bashford Street,High Point,North Carolina,27264,336-391-9943,cburdisqa@devhub.com
948,Lelia,Ferroni,0383 Susan Parkway,Saint Paul,Minnesota,55123,651-495-5610,lferroniqb@devhub.com
949,Clio,Balaison,2 Monica Parkway,Charlotte,North Carolina,28289,704-216-2065,cbalaisonqc@businessweek.com
950,Benetta,Russan,829 Butterfield Street,Huntington,West Virginia,25705,304-422-3873,brussanqd@ocn.ne.jp
951,Grange,Dornin,30 4th Terrace,Kansas City,Kansas,66112,816-841-1108,gdorninqe@barnesandnoble.com
952,Goldarina,Hymus,703 Superior Terrace,Fresno,California,93726,209-528-3008,ghymusqf@ibm.com
953,Timofei,O'Crigan,704 Boyd Avenue,Newark,New Jersey,07188,862-340-3466,tocriganqg@sphinn.com
954,Noble,O'Gaven,51481 Sage Court,Augusta,Georgia,30905,706-442-4476,nogavenqh@altervista.org
955,Sauncho,Clink,762 Pine View Junction,Sioux Falls,South Dakota,57188,605-131-7152,sclinkqi@springer.com
956,Clara,Grosvenor,02617 Pond Parkway,Elmira,New York,14905,607-800-9163,cgrosvenorqj@xing.com
957,Ronni,Mullin,5228 Lawn Point,Minneapolis,Minnesota,55458,612-960-7612,rmullinqk@ox.ac.uk
958,Roby,Rizzolo,4796 Bowman Pass,Akron,Ohio,44321,330-749-8642,rrizzoloql@hc360.com
959,Lexy,Blincko,41 Pankratz Terrace,Topeka,Kansas,66606,785-688-6199,lblinckoqm@ebay.co.uk
960,Merrily,Gawler,61 Almo Place,Lansing,Michigan,48901,517-473-5615,mgawlerqn@mac.com
961,Pandora,McPike,6 Division Lane,Brooklyn,New York,11220,718-793-8967,pmcpikeqo@icio.us
962,Rupert,Oyley,0273 Talisman Alley,Santa Rosa,California,95405,707-261-6807,royleyqp@google.de
963,Leanora,Curnnok,13702 Mayfield Parkway,Rockford,Illinois,61105,815-826-0935,lcurnnokqq@patch.com
964,Cynthie,Labb,46 Schlimgen Junction,Richmond,Virginia,23293,804-747-7960,clabbqr@lulu.com
965,Bellanca,Swinburne,380 Fairfield Lane,Boulder,Colorado,80310,303-602-3816,bswinburneqs@thetimes.co.uk
966,Hillier,Megahey,659 Butterfield Trail,Miami,Florida,33147,305-958-3249,hmegaheyqt@wordpress.org
967,Edita,Hallard,33944 Ludington Trail,Knoxville,Tennessee,37919,865-195-3837,ehallardqu@naver.com
968,Gracie,Godier,55985 Hagan Plaza,Denver,Colorado,80270,303-452-2410,ggodierqv@cisco.com
969,Benson,Rosi,69995 Esch Point,Honolulu,Hawaii,96805,808-517-5946,brosiqw@pinterest.com
970,Nahum,Nicolls,50868 Calypso Circle,London,Kentucky,40745,606-864-6587,nnicollsqx@nyu.edu
971,Julie,Handley,11 Grim Trail,Mobile,Alabama,36622,251-267-6083,jhandleyqy@wufoo.com
972,Carlee,Pressey,619 Sunbrook Junction,Lexington,Kentucky,40576,859-800-7413,cpresseyqz@devhub.com
973,Glennie,Adcock,2872 Maple Way,Evanston,Illinois,60208,847-299-2943,gadcockr0@globo.com
974,Erich,Bartlomiej,5 Old Shore Terrace,Seattle,Washington,98166,360-366-2627,ebartlomiejr1@narod.ru
975,Franklin,Playle,4 Old Gate Alley,Saint Petersburg,Florida,33737,727-164-0800,fplayler2@jugem.jp
976,Leesa,Andryushchenko,37343 Forster Drive,Houston,Texas,77255,713-392-8821,landryushchenkor3@mail.ru
977,Ive,Burleigh,180 Crowley Plaza,Washington,District of Columbia,20566,202-562-0139,iburleighr4@shop-pro.jp
978,Garrott,Biles,6597 Larry Point,Tulsa,Oklahoma,74133,918-774-9373,gbilesr5@timesonline.co.uk
979,Merrielle,Crohan,83699 Hoard Way,Evansville,Indiana,47725,812-667-8692,mcrohanr6@census.gov
980,Dotty,Kroin,52581 Maywood Point,Tacoma,Washington,98405,253-789-4334,dkroinr7@si.edu
981,Perry,Karel,41 Stone Corner Circle,Hattiesburg,Mississippi,39404,601-836-1250,pkarelr8@barnesandnoble.com
982,Wally,O'Cuddie,95 Village Junction,Vienna,Virginia,22184,571-739-7219,wocuddier9@seesaa.net
983,Tyne,Akid,5929 Holmberg Trail,Boise,Idaho,83722,208-784-4756,takidra@sourceforge.net
984,Roosevelt,Methven,4588 Cordelia Parkway,Bronx,New York,10459,718-335-1402,rmethvenrb@ow.ly
985,Hermia,Shobbrook,9 Fairfield Road,Tacoma,Washington,98424,206-415-9044,hshobbrookrc@utexas.edu
986,Case,Ree,63846 Spenser Lane,El Paso,Texas,79999,915-408-9440,creerd@xinhuanet.com
987,Faustina,Gibbins,1236 Helena Road,Chula Vista,California,91913,619-129-9520,fgibbinsre@jimdo.com
988,Dominic,Bretherton,4783 Melby Point,Oklahoma City,Oklahoma,73109,405-742-8157,dbrethertonrf@php.net
989,Karyl,Goldine,686 Drewry Pass,Oakland,California,94616,510-777-7545,kgoldinerg@parallels.com
990,Byran,Skyrm,5 Hoffman Junction,Pomona,California,91797,909-539-5558,bskyrmrh@guardian.co.uk
991,Harris,Shew,2078 Acker Lane,San Antonio,Texas,78260,830-287-8563,hshewri@soundcloud.com
992,Simonette,Rasher,9934 Fordem Pass,Houston,Texas,77266,713-967-3494,srasherrj@ca.gov
993,Jeanne,Leyre,397 Hazelcrest Alley,Milwaukee,Wisconsin,53220,414-373-7483,jleyrerk@cnet.com
994,Ulrike,Grendon,594 Reindahl Pass,Omaha,Nebraska,68124,402-344-9058,ugrendonrl@eventbrite.com
995,Monique,Marrington,6149 Arrowood Point,New York City,New York,10165,646-133-4049,mmarringtonrm@squarespace.com
996,Ferdinande,Klesse,3827 Gina Plaza,Monticello,Minnesota,55565,763-723-8629,fklessern@msn.com
997,Junette,Dibden,19 Logan Road,Birmingham,Alabama,35236,205-974-0394,jdibdenro@whitehouse.gov
998,Mano,Daw,8382 Paget Road,Baltimore,Maryland,21265,410-865-2904,mdawrp@shop-pro.jp
999,Dannie,Fahrenbach,861 Waywood Court,Indianapolis,Indiana,46295,317-398-9218,dfahrenbachrq@nationalgeographic.com
1000,Wolfy,Cosser,11 5th Street,Minneapolis,Minnesota,55407,952-184-5564,wcosserrr@gmpg.org
